eDeviceType,eTeleCommType,unDeviceId,ulTimeStamp,eServiceId,eActionType,eRegionId,ePayloadType,eCommId,usDbVer,usHwVer,usSwVer,ulPayloadLength,ulTxTimeStampL1,ulTxTimeStampL2,ulTxTimeStampL3,unTxDeviceIdL1,unTxDeviceIdL2,unTxDeviceIdL3,usTxSwVerL1,usTxSwVerL2,usTxSwVerL3,usTxHwVerL1,usTxHwVerL2,usTxHwVerL3,unRxTargetDeviceId,eChannel,sPower,eBandwidth,usTxRatio,nTxLatitude,nTxLongitude,nTxAttitude,unSeqNum,unContCnt,unTxVehicleSpeed,unTxVehicleHeading,unTotalPacketCrc32,ulRxTimeStampL1,ulRxTimeStampL2,ulRxTimeStampL3,ulLatencyL1(us),ulLatencyL2(us),ulLatencyL3(us),unRxDeviceIdL1,unRxDeviceIdL2,unRxDeviceIdL3,usRxSwVerL1,usRxSwVerL2,usRxSwVerL3,usRxHwVerL1,usRxHwVerL2,usRxHwVerL3,unRxVehicleSpeed,unTotalCommDevCnt,usRssi,eRsvLevel,usCommDistance,nRxLatitude,nRxLongitude,nRxAttitude,ucErrIndicator,ulTotalPacketCnt,ulTotalErrCnt,unPdr(percent),unPer(percent)
1,31,23040015,2024042417355271269,1,1,9,101,1,1.5,0x1,0x1,132,2023091414570933516,2022042903174994153,2024042417355271269,-836521982,23120002,23120002,8448,204,0,1,40,0,0,180,20,2,100,35.646599,35.646599,0.000000,17,17,60,0,0xcc1156d2,2023091414570934602,2022042902495884384,2024042417355291019,1086,-679109769,19750,-836521977,23120008,23120008,8448,204,1,45063,51336,1,60,1,0,0,4294.967295,35.646622,128.401450,0.000000,0,17,0,100.000,0.000
1,31,23040015,2024042417355281306,1,1,9,101,1,1.5,0x1,0x1,132,2023091414570943339,2022042903175003929,2024042417355281306,-836521982,23120002,23120002,8448,204,0,1,40,0,0,180,20,2,100,35.646599,35.646599,0.000000,18,18,0,0,0xf4021f4a,2023091414570943752,2022042902495893534,2024042417355300105,413,-679110395,18799,-836521977,23120008,23120008,8448,204,1,45063,51336,1,0,1,0,0,4294.967295,35.646622,128.401450,0.000000,0,18,0,100.000,0.000
1,31,23040015,2024042417355291332,1,1,9,101,1,1.5,0x1,0x1,132,2023091414570953133,2022042903175013754,2024042417355291332,-836521982,23120002,23120002,8448,204,0,1,40,0,0,180,20,2,100,35.646600,35.646600,0.000000,19,19,0,0,0xc5636be8,2023091414570953602,2022042902495903383,2024042417355310189,469,-679110371,18857,-836521977,23120008,23120008,8448,204,1,45063,51336,1,0,1,0,0,4294.967295,35.646622,128.401450,0.000000,0,19,0,100.000,0.000
1,31,23040015,2024042417355301349,1,1,9,101,1,1.5,0x1,0x1,132,2023091414570962815,2022042903175023501,2024042417355301349,-836521982,23120002,23120002,8448,204,0,1,40,0,0,180,20,2,100,35.646600,35.646600,0.000000,20,20,0,0,0xeb95547a,2023091414570963258,2022042902495913040,2024042417355320276,443,-679110461,18927,-836521977,23120008,23120008,8448,204,1,45063,51336,1,0,1,0,0,4294.967295,35.646622,128.401450,0.000000,0,20,0,100.000,0.000
1,31,23040015,2024042417355311360,1,1,9,101,1,1.5,0x1,0x1,132,2023091414570972716,2022042903175033288,2024042417355311360,-836521982,23120002,23120002,8448,204,0,1,40,0,0,180,20,2,100,35.646600,35.646600,0.000000,21,21,0,0,0x6c82d7a7,2023091414570973753,2022042902495923535,2024042417355330359,1037,-679109753,18999,-836521977,23120008,23120008,8448,204,1,45063,51336,1,0,1,0,0,4294.967295,35.646622,128.401450,0.000000,0,21,0,100.000,0.000
1,31,23040015,2024042417355321370,1,1,9,101,1,1.5,0x1,0x1,132,2023091414570982409,2022042903175043080,2024042417355321370,-836521982,23120002,23120002,8448,204,0,1,40,0,0,180,20,2,100,35.646600,35.646600,0.000000,22,22,0,0,0xa2d7a643,2023091414570983203,2022042902495932994,2024042417355340444,794,-679110086,19074,-836521977,23120008,23120008,8448,204,1,45063,51336,1,0,1,0,0,4294.967295,35.646622,128.401450,0.000000,0,22,0,100.000,0.000
1,31,23040015,2024042417355331392,1,1,9,101,1,1.5,0x1,0x1,132,2023091414570992258,2022042903175052842,2024042417355331392,-836521982,23120002,23120002,8448,204,0,1,40,0,0,180,20,2,100,35.646600,35.646600,0.000000,23,23,0,0,0xcf031cc9,2023091414570992857,2022042902495942651,2024042417355349519,599,-679110191,18127,-836521977,23120008,23120008,8448,204,1,45063,51336,1,0,1,0,0,4294.967295,35.646622,128.401450,0.000000,0,23,0,100.000,0.000
1,31,23040015,2024042417355341408,1,1,9,101,1,1.5,0x1,0x1,132,2023091414571001965,2022042903175062631,2024042417355341408,-836521982,23120002,23120002,8448,204,0,1,40,0,0,180,20,2,100,35.646600,35.646600,0.000000,24,24,0,0,0xe23c3240,2023091414571002308,2022042902495952092,2024042417355358602,343,-679110539,17194,-836521977,23120008,23120008,8448,204,1,45063,51336,1,0,1,0,0,4294.967295,35.646622,128.401450,0.000000,0,24,0,100.000,0.000
1,31,23040015,2024042417355351416,1,1,9,101,1,1.5,0x1,0x1,132,2023091414571011757,2022042903175072415,2024042417355351416,-836521982,23120002,23120002,8448,204,0,1,40,0,0,180,20,2,100,35.646600,35.646600,0.000000,25,25,0,0,0x5ee4a801,2023091414571012805,2022042902495962593,2024042417355369693,1048,-679109822,18277,-836521977,23120008,23120008,8448,204,1,45063,51336,1,0,1,0,0,4294.967295,35.646622,128.401450,0.000000,0,25,0,100.000,0.000
1,31,23040015,2024042417355361446,1,1,9,101,1,1.5,0x1,0x1,132,2023091414571021547,2022042903175082221,2024042417355361446,-836521982,23120002,23120002,8448,204,0,1,40,0,0,180,20,2,100,35.646600,35.646600,0.000000,26,26,0,0,0xa76fa4c1,2023091414571022557,2022042902495972361,2024042417355379778,1010,-679109860,18332,-836521977,23120008,23120008,8448,204,1,45063,51336,1,0,1,0,0,4294.967295,35.646622,128.401450,0.000000,0,26,0,100.000,0.000
1,31,23040015,2024042417355371576,1,1,9,101,1,1.5,0x1,0x1,132,2023091414571031462,2022042903175092124,2024042417355371576,-836521982,23120002,23120002,8448,204,0,1,40,0,0,180,20,2,100,35.646601,35.646601,0.000000,27,27,0,0,0x4ee51294,2023091414571022557,2022042902495972361,2024042417355388825,-8905,-679119763,17249,-836521977,23120008,23120008,8448,204,1,45063,51336,1,0,1,0,0,4294.967295,35.646622,128.401450,0.000000,0,27,0,100.000,0.000
1,31,23040015,2024042417355381702,1,1,9,101,1,1.5,0x1,0x1,132,2023091414571041398,2022042903175102043,2024042417355381702,-836521982,23120002,23120002,8448,204,0,1,40,0,0,180,20,2,100,35.646601,35.646601,0.000000,28,28,0,0,0x5dbb3870,2023091414571042057,2022042902495991843,2024042417355398917,659,-679110200,17215,-836521977,23120008,23120008,8448,204,1,45063,51336,1,0,1,0,0,4294.967295,35.646622,128.401450,0.000000,0,28,0,100.000,0.000
1,31,23040015,2024042417355391743,1,1,9,101,1,1.5,0x1,0x1,132,2023091414571051195,2022042903175111848,2024042417355391743,-836521982,23120002,23120002,8448,204,0,1,40,0,0,180,20,2,100,35.646601,35.646601,0.000000,29,29,0,0,0x179c9271,2023091414571051468,2022042902500001251,2024042417355407982,273,-675110597,16239,-836521977,23120008,23120008,8448,204,1,45063,51336,1,0,1,0,0,4294.967295,35.646622,128.401450,0.000000,0,29,0,100.000,0.000
1,31,23040015,2024042417355401773,1,1,9,101,1,1.5,0x1,0x1,132,2023091414571060999,2022042903175121679,2024042417355401773,-836521982,23120002,23120002,8448,204,0,1,40,0,0,180,20,2,100,35.646601,35.646601,0.000000,30,30,0,0,0x75cff3fd,2023091414571061659,2022042902500011447,2024042417355418056,660,-675110232,16283,-836521977,23120008,23120008,8448,204,1,45063,51336,1,0,1,0,0,4294.967295,35.646622,128.401450,0.000000,0,30,0,100.000,0.000
1,31,23040015,2024042417355411810,1,1,9,101,1,1.5,0x1,0x1,132,2023091414571070850,2022042903175131507,2024042417355411810,-836521982,23120002,23120002,8448,204,0,1,40,0,0,180,20,2,100,35.646601,35.646601,0.000000,31,31,0,0,0x6b9c49f5,2023091414571071810,2022042902500021603,2024042417355428130,960,-675109904,16320,-836521977,23120008,23120008,8448,204,1,45063,51336,1,0,1,0,0,4294.967295,35.646622,128.401450,0.000000,0,31,0,100.000,0.000
1,31,23040015,2024042417355421881,1,1,9,101,1,1.5,0x1,0x1,132,2023091414571080702,2022042903175141362,2024042417355421881,-836521982,23120002,23120002,8448,204,0,1,40,0,0,180,20,2,100,35.646601,35.646601,0.000000,32,32,0,0,0x2c3f69b5,2023091414571081064,2022042902500030854,2024042417355438203,362,-675110508,16322,-836521977,23120008,23120008,8448,204,1,45063,51336,1,0,1,0,0,4294.967295,35.646622,128.401450,0.000000,0,32,0,100.000,0.000
1,31,23040015,2024042417355431951,1,1,9,101,1,1.5,0x1,0x1,132,2023091414571090576,2022042903175151240,2024042417355431951,-836521982,23120002,23120002,8448,204,0,1,40,0,0,180,20,2,100,35.646601,35.646601,0.000000,33,33,0,0,0x9965e681,2023091414571090761,2022042902500040547,2024042417355447269,185,-675110693,15318,-836521977,23120008,23120008,8448,204,1,45063,51336,1,0,1,0,0,4294.967295,35.646622,128.401450,0.000000,0,33,0,100.000,0.000
1,31,23040015,2024042417355441998,1,1,9,101,1,1.5,0x1,0x1,132,2023091414571100436,2022042903175161085,2024042417355441998,-836521982,23120002,23120002,8448,204,0,1,40,0,0,180,20,2,100,35.646601,35.646601,0.000000,34,34,0,0,0xd02d11d1,2023091414571101059,2022042902500050855,2024042417355458348,623,-675110230,16350,-836521977,23120008,23120008,8448,204,1,45063,51336,1,0,1,0,0,4294.967295,35.646622,128.401450,0.000000,0,34,0,100.000,0.000
1,31,23040015,2024042417355452023,1,1,9,101,1,1.5,0x1,0x1,132,2023091414571110277,2022042903175170940,2024042417355452023,-836521982,23120002,23120002,8448,204,0,1,40,0,0,180,20,2,100,35.646601,35.646601,0.000000,35,35,0,0,0x7003567,2023091414571111116,2022042902500060904,2024042417355468447,839,-675110036,16424,-836521977,23120008,23120008,8448,204,1,45063,51336,1,0,1,0,0,4294.967295,35.646622,128.401450,0.000000,0,35,0,100.000,0.000
1,31,23040015,2024042417355462043,1,1,9,101,1,1.5,0x1,0x1,132,2023091414571120072,2022042903175180739,2024042417355462043,-836521982,23120002,23120002,8448,204,0,1,40,0,0,180,20,2,100,35.646602,35.646602,0.000000,36,36,0,0,0x5c11be25,2023091414571120457,2022042902500070247,2024042417355477516,385,-675110492,15473,-836521977,23120008,23120008,8448,204,1,45063,51336,1,0,1,0,0,4294.967295,35.646622,128.401450,0.000000,0,36,0,100.000,0.000
1,31,23040015,2024042417355472152,1,1,9,101,1,1.5,0x1,0x1,132,2023091414571129971,2022042903175190649,2024042417355472152,-836521982,23120002,23120002,8448,204,0,1,40,0,0,180,20,2,100,35.646602,35.646602,0.000000,37,37,0,0,0x319013a,2023091414571130261,2022042902500080050,2024042417355486582,290,-675110599,14430,-836521977,23120008,23120008,8448,204,1,45063,51336,1,0,1,0,0,4294.967295,35.646622,128.401450,0.000000,0,37,0,100.000,0.000
1,31,23040015,2024042417355482221,1,1,9,101,1,1.5,0x1,0x1,132,2023091414571139865,2022042903175200517,2024042417355482221,-836521982,23120002,23120002,8448,204,0,1,40,0,0,180,20,2,100,35.646602,35.646602,0.000000,38,38,0,0,0x6af35ff6,2023091414571140858,2022042902500090651,2024042417355497667,993,-675109866,15446,-836521977,23120008,23120008,8448,204,1,45063,51336,1,0,1,0,0,4294.967295,35.646622,128.401450,0.000000,0,38,0,100.000,0.000
1,31,23040015,2024042417355492266,1,1,9,101,1,1.5,0x1,0x1,132,2023091414571149699,2022042903175210365,2024042417355492266,-836521982,23120002,23120002,8448,204,0,1,40,0,0,180,20,2,100,35.646602,35.646602,0.000000,39,39,0,0,0xe45986d8,2023091414571150760,2022042902500100544,2024042417355507740,1061,-675109821,15474,-836521977,23120008,23120008,8448,204,1,45063,51336,1,0,1,0,0,4294.967295,35.646622,128.401450,0.000000,0,39,0,100.000,0.000
1,31,23040015,2024042417355502286,1,1,9,101,1,1.5,0x1,0x1,132,2023091414571159541,2022042903175220198,2024042417355502286,-836521982,23120002,23120002,8448,204,0,1,40,0,0,180,20,2,100,35.646602,35.646602,0.000000,40,40,0,0,0x5dc916eb,2023091414571160608,2022042902500110397,2024042417355517813,1067,-675109801,15527,-836521977,23120008,23120008,8448,204,1,45063,51336,1,0,1,0,0,4294.967295,35.646622,128.401450,0.000000,0,40,0,100.000,0.000
1,31,23040015,2024042417355512401,1,1,9,101,1,1.5,0x1,0x1,132,2023091414571169463,2022042903175230137,2024042417355512401,-836521982,23120002,23120002,8448,204,0,1,40,0,0,180,20,2,100,35.646602,35.646602,0.000000,41,41,0,0,0xd8fd80c7,2023091414571170010,2022042902500119799,2024042417355526879,547,-675110338,14478,-836521977,23120008,23120008,8448,204,1,45063,51336,1,0,1,0,0,4294.967295,35.646622,128.401450,0.000000,0,41,0,100.000,0.000
1,31,23040015,2024042417355522462,1,1,9,101,1,1.5,0x1,0x1,132,2023091414571179362,2022042903175240025,2024042417355522462,-836521982,23120002,23120002,8448,204,0,1,40,0,0,180,20,2,100,35.646602,35.646602,0.000000,42,42,0,0,0xd10f4722,2023091414571179707,2022042902500129500,2024042417355536953,345,-675110525,14491,-836521977,23120008,23120008,8448,204,1,45063,51336,1,0,1,0,0,4294.967295,35.646622,128.401450,0.000000,0,42,0,100.000,0.000
1,31,23040015,2024042417355532522,1,1,9,101,1,1.5,0x1,0x1,132,2023091414571189257,2022042903175249915,2024042417355532522,-836521982,23120002,23120002,8448,204,0,1,40,0,0,180,20,2,100,35.646602,35.646602,0.000000,43,43,0,0,0x1a1a1b35,2023091414571189511,2022042902500139305,2024042417355546020,254,-675110610,13498,-836521977,23120008,23120008,8448,204,1,45063,51336,1,0,1,0,0,4294.967295,35.646622,128.401450,0.000000,0,43,0,100.000,0.000
1,31,23040015,2024042417355542562,1,1,9,101,1,1.5,0x1,0x1,132,2023091414571199152,2022042903175259794,2024042417355542562,-836521982,23120002,23120002,8448,204,0,1,40,0,0,180,20,2,100,35.646602,35.646602,0.000000,44,44,0,0,0x763eb4a5,2023091414571200225,2022042902500150020,2024042417355557100,1073,-675109774,14538,-836521977,23120008,23120008,8448,204,1,45063,51336,1,0,1,0,0,4294.967295,35.646622,128.401450,0.000000,0,44,0,100.000,0.000
1,31,23040015,2024042417355552581,1,1,9,101,1,1.5,0x1,0x1,132,2023091414571208954,2022042903175269622,2024042417355552581,-836521982,23120002,23120002,8448,204,0,1,40,0,0,180,20,2,100,35.646602,35.646602,0.000000,45,45,0,0,0x9d7e5cb1,2023091414571209609,2022042902500159399,2024042417355566166,655,-675110223,13585,-836521977,23120008,23120008,8448,204,1,45063,51336,1,0,1,0,0,4294.967295,35.646622,128.401450,0.000000,0,45,0,100.000,0.000
1,31,23040015,2024042417355562640,1,1,9,101,1,1.5,0x1,0x1,132,2023091414571218861,2022042903175279514,2024042417355562640,-836521982,23120002,23120002,8448,204,0,1,40,0,0,180,20,2,100,35.646603,35.646603,0.000000,46,46,0,0,0x3d99a125,2023091414571219507,2022042902500169311,2024042417355576239,646,-675110203,13599,-836521977,23120008,23120008,8448,204,1,45063,51336,1,0,1,0,0,4294.967295,35.646622,128.401450,0.000000,0,46,0,100.000,0.000
1,31,23040015,2024042417355572699,1,1,9,101,1,1.5,0x1,0x1,132,2023091414571228719,2022042903175289396,2024042417355572699,-836521982,23120002,23120002,8448,204,0,1,40,0,0,180,20,2,100,35.646603,35.646603,0.000000,47,47,0,0,0x51dee81c,2023091414571229659,2022042902500179453,2024042417355586311,940,-675109943,13612,-836521977,23120008,23120008,8448,204,1,45063,51336,1,0,1,0,0,4294.967295,35.646622,128.401450,0.000000,0,47,0,100.000,0.000
1,31,23040015,2024042417355582748,1,1,9,101,1,1.5,0x1,0x1,132,2023091414571238634,2022042903175299278,2024042417355582748,-836521982,23120002,23120002,8448,204,0,1,40,0,0,180,20,2,100,35.646603,35.646603,0.000000,48,48,0,0,0xeb1853c1,2023091414571239556,2022042902500189349,2024042417355596384,922,-675109929,13636,-836521977,23120008,23120008,8448,204,1,45063,51336,1,0,1,0,0,4294.967295,35.646622,128.401450,0.000000,0,48,0,100.000,0.000
1,31,23040015,2024042417355592776,1,1,9,101,1,1.5,0x1,0x1,132,2023091414571248463,2022042903175309147,2024042417355592776,-836521982,23120002,23120002,8448,204,0,1,40,0,0,180,20,2,100,35.646603,35.646603,0.000000,49,49,0,0,0x101b5402,2023091414571249415,2022042902500199202,2024042417355606478,952,-675109945,13702,-836521977,23120008,23120008,8448,204,1,45063,51336,1,0,1,0,0,4294.967295,35.646622,128.401450,0.000000,0,49,0,100.000,0.000
1,31,23040015,2024042417355602829,1,1,9,101,1,1.5,0x1,0x1,132,2023091414571258363,2022042903175319022,2024042417355602829,-836521982,23120002,23120002,8448,204,0,1,40,0,0,180,20,2,100,35.646603,35.646603,0.000000,50,50,0,0,0xf98ee843,2023091414571259257,2022042902500209049,2024042417355616549,894,-675109973,13720,-836521977,23120008,23120008,8448,204,1,45063,51336,1,0,1,0,0,4294.967295,35.646622,128.401450,0.000000,0,50,0,100.000,0.000
1,31,23040015,2024042417355612882,1,1,9,101,1,1.5,0x1,0x1,132,2023091414571268274,2022042903175328927,2024042417355612882,-836521982,23120002,23120002,8448,204,0,1,40,0,0,180,20,2,100,35.646603,35.646603,0.000000,51,51,0,0,0x18b25c6,2023091414571268809,2022042902500218602,2024042417355625611,535,-675110325,12729,-836521977,23120008,23120008,8448,204,1,45063,51336,1,0,1,0,0,4294.967295,35.646622,128.401450,0.000000,0,51,0,100.000,0.000
1,31,23040015,2024042417355622935,1,1,9,101,1,1.5,0x1,0x1,132,2023091414571278149,2022042903175338828,2024042417355622935,-836521982,23120002,23120002,8448,204,0,1,40,0,0,180,20,2,100,35.646603,35.646603,0.000000,52,52,0,0,0x225ae1b5,2023091414571278507,2022042902500228302,2024042417355635681,358,-675110526,12746,-836521977,23120008,23120008,8448,204,1,45063,51336,1,0,1,0,0,4294.967295,35.646622,128.401450,0.000000,0,52,0,100.000,0.000
1,31,23040015,2024042417355632971,1,1,9,101,1,1.5,0x1,0x1,132,2023091414571288057,2022042903175348712,2024042417355632971,-836521982,23120002,23120002,8448,204,0,1,40,0,0,180,20,2,100,35.646603,35.646603,0.000000,53,53,0,0,0x6dde2442,2023091414571288610,2022042902500238405,2024042417355645754,553,-675110307,12783,-836521977,23120008,23120008,8448,204,1,45063,51336,1,0,1,0,0,4294.967295,35.646622,128.401450,0.000000,0,53,0,100.000,0.000
1,31,23040015,2024042417355642997,1,1,9,101,1,1.5,0x1,0x1,132,2023091414571297920,2022042903175358593,2024042417355642997,-836521982,23120002,23120002,8448,204,0,1,40,0,0,180,20,2,100,35.646603,35.646603,0.000000,54,54,0,0,0xbeaa0ba6,2023091414571298159,2022042902500247956,2024042417355654820,239,-675110637,11823,-836521977,23120008,23120008,8448,204,1,45063,51336,1,0,1,0,0,4294.967295,35.646622,128.401450,0.000000,0,54,0,100.000,0.000
1,31,23040015,2024042417355653054,1,1,9,101,1,1.5,0x1,0x1,132,2023091414571307858,2022042903175368493,2024042417355653054,-836521982,23120002,23120002,8448,204,0,1,40,0,0,180,20,2,100,35.646603,35.646603,0.000000,55,55,0,0,0xdd16278b,2023091414571308053,2022042902500257844,2024042417355664893,195,-675110649,11839,-836521977,23120008,23120008,8448,204,1,45063,51336,1,0,1,0,0,4294.967295,35.646622,128.401450,0.000000,0,55,0,100.000,0.000
1,31,23040015,2024042417355663089,1,1,9,101,1,1.5,0x1,0x1,132,2023091414571317690,2022042903175378378,2024042417355663089,-836521982,23120002,23120002,8448,204,0,1,40,0,0,180,20,2,100,35.646604,35.646604,0.000000,56,56,0,0,0xff82053e,2023091414571318264,2022042902500268058,2024042417355674969,574,-675110320,11880,-836521977,23120008,23120008,8448,204,1,45063,51336,1,0,1,0,0,4294.967295,35.646622,128.401450,0.000000,0,56,0,100.000,0.000
1,31,23040015,2024042417355673124,1,1,9,101,1,1.5,0x1,0x1,132,2023091414571327603,2022042903175388242,2024042417355673124,-836521982,23120002,23120002,8448,204,0,1,40,0,0,180,20,2,100,35.646604,35.646604,0.000000,57,57,0,0,0x99886fe0,2023091414571328506,2022042902500278300,2024042417355685046,903,-675109942,11922,-836521977,23120008,23120008,8448,204,1,45063,51336,1,0,1,0,0,4294.967295,35.646622,128.401450,0.000000,0,57,0,100.000,0.000
1,31,23040015,2024042417355683158,1,1,9,101,1,1.5,0x1,0x1,132,2023091414571337503,2022042903175398139,2024042417355683158,-836521982,23120002,23120002,8448,204,0,1,40,0,0,180,20,2,100,35.646604,35.646604,0.000000,58,58,0,0,0x902d5331,2023091414571337855,2022042902500287644,2024042417355695134,352,-675110495,11976,-836521977,23120008,23120008,8448,204,1,45063,51336,1,0,1,0,0,4294.967295,35.646622,128.401450,0.000000,0,58,0,100.000,0.000
1,31,23040015,2024042417355693172,1,1,9,101,1,1.5,0x1,0x1,132,2023091414571347421,2022042903175408008,2024042417355693172,-836521982,23120002,23120002,8448,204,0,1,40,0,0,180,20,2,100,35.646604,35.646604,0.000000,59,59,0,0,0x77dfd087,2023091414571347653,2022042902500297438,2024042417355704199,232,-675110570,11027,-836521977,23120008,23120008,8448,204,1,45063,51336,1,0,1,0,0,4294.967295,35.646622,128.401450,0.000000,0,59,0,100.000,0.000
1,31,23040015,2024042417355703187,1,1,9,101,1,1.5,0x1,0x1,132,2023091414571357214,2022042903175417854,2024042417355703187,-836521982,23120002,23120002,8448,204,0,1,40,0,0,180,20,2,100,35.646604,35.646604,0.000000,60,60,0,0,0xa0170018,2023091414571357903,2022042902500307694,2024042417355715284,689,-675110160,12097,-836521977,23120008,23120008,8448,204,1,45063,51336,1,0,1,0,0,4294.967295,35.646622,128.401450,0.000000,0,60,0,100.000,0.000
1,31,23040015,2024042417355713202,1,1,9,101,1,1.5,0x1,0x1,132,2023091414571367047,2022042903175427736,2024042417355713202,-836521982,23120002,23120002,8448,204,0,1,40,0,0,180,20,2,100,35.646604,35.646604,0.000000,61,61,0,0,0xea0c530f,2023091414571367559,2022042902500317352,2024042417355724364,512,-675110384,11162,-836521977,23120008,23120008,8448,204,1,45063,51336,1,0,1,0,0,4294.967295,35.646622,128.401450,0.000000,0,61,0,100.000,0.000
1,31,23040015,2024042417355723213,1,1,9,101,1,1.5,0x1,0x1,132,2023091414571376944,2022042903175437609,2024042417355723213,-836521982,23120002,23120002,8448,204,0,1,40,0,0,180,20,2,100,35.646604,35.646604,0.000000,62,62,0,0,0x8420d443,2023091414571377510,2022042902500327302,2024042417355734436,566,-675110307,11223,-836521977,23120008,23120008,8448,204,1,45063,51336,1,0,1,0,0,4294.967295,35.646622,128.401450,0.000000,0,62,0,100.000,0.000
1,31,23040015,2024042417355733229,1,1,9,101,1,1.5,0x1,0x1,132,2023091414571386805,2022042903175447495,2024042417355733229,-836521982,23120002,23120002,8448,204,0,1,40,0,0,180,20,2,100,35.646604,35.646604,0.000000,63,63,0,0,0x60acdf7f,2023091414571387603,2022042902500337397,2024042417355744512,798,-675110098,11283,-836521977,23120008,23120008,8448,204,1,45063,51336,1,0,1,0,0,4294.967295,35.646622,128.401450,0.000000,0,63,0,100.000,0.000
1,31,23040015,2024042417355743244,1,1,9,101,1,1.5,0x1,0x1,132,2023091414571396711,2022042903175457376,2024042417355743244,-836521982,23120002,23120002,8448,204,0,1,40,0,0,180,20,2,100,35.646604,35.646604,0.000000,64,64,0,0,0xf5ddf464,2023091414571397455,2022042902500347252,2024042417355754585,744,-675110124,11341,-836521977,23120008,23120008,8448,204,1,45063,51336,1,0,1,0,0,4294.967295,35.646622,128.401450,0.000000,0,64,0,100.000,0.000
1,31,23040015,2024042417355753258,1,1,9,101,1,1.5,0x1,0x1,132,2023091414571406569,2022042903175467252,2024042417355753258,-836521982,23120002,23120002,8448,204,0,1,40,0,0,180,20,2,100,35.646604,35.646604,0.000000,65,65,0,0,0x1414ecc1,2023091414571406961,2022042902500356753,2024042417355763648,392,-675110499,10390,-836521977,23120008,23120008,8448,204,1,45063,51336,1,0,1,0,0,4294.967295,35.646622,128.401450,0.000000,0,65,0,100.000,0.000
1,31,23040015,2024042417355763274,1,1,9,101,1,1.5,0x1,0x1,132,2023091414571416467,2022042903175477136,2024042417355763274,-836521982,23120002,23120002,8448,204,0,1,40,0,0,180,20,2,100,35.646604,35.646604,0.000000,66,66,0,0,0x8a8fc47b,2023091414571417055,2022042902500366846,2024042417355773721,588,-675110290,10447,-836521977,23120008,23120008,8448,204,1,45063,51336,1,0,1,0,0,4294.967295,35.646622,128.401450,0.000000,0,66,0,100.000,0.000
1,31,23040015,2024042417355773289,1,1,9,101,1,1.5,0x1,0x1,132,2023091414571426376,2022042903175487018,2024042417355773289,-836521982,23120002,23120002,8448,204,0,1,40,0,0,180,20,2,100,35.646604,35.646604,0.000000,67,67,0,0,0x2eb512c4,2023091414571426558,2022042902500376353,2024042417355783792,182,-675110665,10503,-836521977,23120008,23120008,8448,204,1,45063,51336,1,0,1,0,0,4294.967295,35.646622,128.401450,0.000000,0,67,0,100.000,0.000
1,31,23040015,2024042417355783305,1,1,9,101,1,1.5,0x1,0x1,132,2023091414571436204,2022042903175496898,2024042417355783305,-836521982,23120002,23120002,8448,204,0,1,40,0,0,180,20,2,100,35.646604,35.646604,0.000000,68,68,0,0,0x44007d72,2023091414571436854,2022042902500386645,2024042417355793864,650,-675110253,10559,-836521977,23120008,23120008,8448,204,1,45063,51336,1,0,1,0,0,4294.967295,35.646622,128.401450,0.000000,0,68,0,100.000,0.000
1,31,23040015,2024042417355793321,1,1,9,101,1,1.5,0x1,0x1,132,2023091414571446098,2022042903175506778,2024042417355793321,-836521982,23120002,23120002,8448,204,0,1,40,0,0,180,20,2,100,35.646605,35.646605,0.000000,69,69,0,0,0x180e228f,2023091414571446354,2022042902500396142,2024042417355802927,256,-675110636,9606,-836521977,23120008,23120008,8448,204,1,45063,51336,1,0,1,0,0,4294.967295,35.646622,128.401450,0.000000,0,69,0,100.000,0.000
1,31,23040015,2024042417355803336,1,1,9,101,1,1.5,0x1,0x1,132,2023091414571455994,2022042903175516664,2024042417355803336,-836521982,23120002,23120002,8448,204,0,1,40,0,0,180,20,2,100,35.646605,35.646605,0.000000,70,70,0,0,0xb8c666e3,2023091414571456759,2022042902500406555,2024042417355814010,765,-675110109,10674,-836521977,23120008,23120008,8448,204,1,45063,51336,1,0,1,0,0,4294.967295,35.646622,128.401450,0.000000,0,70,0,100.000,0.000
1,31,23040015,2024042417355813351,1,1,9,101,1,1.5,0x1,0x1,132,2023091414571465887,2022042903175526560,2024042417355813351,-836521982,23120002,23120002,8448,204,0,1,40,0,0,180,20,2,100,35.646605,35.646605,0.000000,71,71,0,0,0x2f1b3c51,2023091414571466153,2022042902500415946,2024042417355823076,266,-675110614,9725,-836521977,23120008,23120008,8448,204,1,45063,51336,1,0,1,0,0,4294.967295,35.646622,128.401450,0.000000,0,71,0,100.000,0.000
1,31,23040015,2024042417355823364,1,1,9,101,1,1.5,0x1,0x1,132,2023091414571475788,2022042903175536454,2024042417355823364,-836521982,23120002,23120002,8448,204,0,1,40,0,0,180,20,2,100,35.646605,35.646605,0.000000,72,72,0,0,0x25cb4c21,2023091414571476259,2022042902500426053,2024042417355833145,471,-675110401,9781,-836521977,23120008,23120008,8448,204,1,45063,51336,1,0,1,0,0,4294.967295,35.646622,128.401450,0.000000,0,72,0,100.000,0.000
1,31,23040015,2024042417355833379,1,1,9,101,1,1.5,0x1,0x1,132,2023091414571485770,2022042903175546350,2024042417355833379,-836521982,23120002,23120002,8448,204,0,1,40,0,0,180,20,2,100,35.646605,35.646605,0.000000,73,73,0,0,0x59b22242,2023091414571486220,2022042902500436016,2024042417355843216,450,-675110334,9837,-836521977,23120008,23120008,8448,204,1,45063,51336,1,0,1,0,0,4294.967295,35.646622,128.401450,0.000000,0,73,0,100.000,0.000
1,31,23040015,2024042417355843393,1,1,9,101,1,1.5,0x1,0x1,132,2023091414571495562,2022042903175556254,2024042417355843393,-836521982,23120002,23120002,8448,204,0,1,40,0,0,180,20,2,100,35.646605,35.646605,0.000000,74,74,0,0,0xa03043ee,2023091414571495953,2022042902500445749,2024042417355853322,391,-675110505,9929,-836521977,23120008,23120008,8448,204,1,45063,51336,1,0,1,0,0,4294.967295,35.646622,128.401450,0.000000,0,74,0,100.000,0.000
1,31,23040015,2024042417355853408,1,1,9,101,1,1.5,0x1,0x1,132,2023091414571505457,2022042903175566144,2024042417355853408,-836521982,23120002,23120002,8448,204,0,1,40,0,0,180,20,2,100,35.646605,35.646605,0.000000,75,75,0,0,0x80164bbf,2023091414571505803,2022042902500455601,2024042417355862396,346,-675110543,8988,-836521977,23120008,23120008,8448,204,1,45063,51336,1,0,1,0,0,4294.967295,35.646622,128.401450,0.000000,0,75,0,100.000,0.000
1,31,23040015,2024042417355863421,1,1,9,101,1,1.5,0x1,0x1,132,2023091414571515374,2022042903175576070,2024042417355863421,-836521982,23120002,23120002,8448,204,0,1,40,0,0,180,20,2,100,35.646605,35.646605,0.000000,76,76,0,0,0xcc25821d,2023091414571516362,2022042902500466162,2024042417355873484,988,-675109908,10063,-836521977,23120008,23120008,8448,204,1,45063,51336,1,0,1,0,0,4294.967295,35.646622,128.401450,0.000000,0,76,0,100.000,0.000
1,31,23040015,2024042417355873434,1,1,9,101,1,1.5,0x1,0x1,132,2023091414571525271,2022042903175585936,2024042417355873434,-836521982,23120002,23120002,8448,204,0,1,40,0,0,180,20,2,100,35.646605,35.646605,0.000000,77,77,0,0,0x75fe9101,2023091414571525772,2022042902500475567,2024042417355882557,501,-675110369,9123,-836521977,23120008,23120008,8448,204,1,45063,51336,1,0,1,0,0,4294.967295,35.646622,128.401450,0.000000,0,77,0,100.000,0.000
1,31,23040015,2024042417355883447,1,1,9,101,1,1.5,0x1,0x1,132,2023091414571535155,2022042903175595834,2024042417355883447,-836521982,23120002,23120002,8448,204,0,1,40,0,0,180,20,2,100,35.646605,35.646605,0.000000,78,78,0,0,0xa58a3df7,2023091414571535803,2022042902500485597,2024042417355892629,648,-675110237,9182,-836521977,23120008,23120008,8448,204,1,45063,51336,1,0,1,0,0,4294.967295,35.646622,128.401450,0.000000,0,78,0,100.000,0.000
1,31,23040015,2024042417355893480,1,1,9,101,1,1.5,0x1,0x1,132,2023091414571545117,2022042903175605746,2024042417355893480,-836521982,23120002,23120002,8448,204,0,1,40,0,0,180,20,2,100,35.646605,35.646605,0.000000,79,79,0,0,0x3a7c117e,2023091414571545854,2022042902500495642,2024042417355902699,737,-675110104,9219,-836521977,23120008,23120008,8448,204,1,45063,51336,1,0,1,0,0,4294.967295,35.646622,128.401450,0.000000,0,79,0,100.000,0.000
1,31,23040015,2024042417355903558,1,1,9,101,1,1.5,0x1,0x1,132,2023091414571555033,2022042903175615719,2024042417355903558,-836521982,23120002,23120002,8448,204,0,1,40,0,0,180,20,2,100,35.646605,35.646605,0.000000,80,80,0,0,0x81a38c02,2023091414571555653,2022042902500505448,2024042417355912768,620,-675110271,9210,-836521977,23120008,23120008,8448,204,1,45063,51336,1,0,1,0,0,4294.967295,35.646622,128.401450,0.000000,0,80,0,100.000,0.000
1,31,23040015,2024042417355913601,1,1,9,101,1,1.5,0x1,0x1,132,2023091414571565011,2022042903175625668,2024042417355913601,-836521982,23120002,23120002,8448,204,0,1,40,0,0,180,20,2,100,35.646605,35.646605,0.000000,81,81,0,0,0xa2dac33,2023091414571565753,2022042902500515549,2024042417355922836,742,-675110119,9235,-836521977,23120008,23120008,8448,204,1,45063,51336,1,0,1,0,0,4294.967295,35.646622,128.401450,0.000000,0,81,0,100.000,0.000
1,31,23040015,2024042417355923633,1,1,9,101,1,1.5,0x1,0x1,132,2023091414571574944,2022042903175635589,2024042417355923633,-836521982,23120002,23120002,8448,204,0,1,40,0,0,180,20,2,100,35.646605,35.646605,0.000000,82,82,0,0,0xf1eb377a,2023091414571575904,2022042902500525700,2024042417355932907,960,-675109889,9274,-836521977,23120008,23120008,8448,204,1,45063,51336,1,0,1,0,0,4294.967295,35.646622,128.401450,0.000000,0,82,0,100.000,0.000
1,31,23040015,2024042417355933729,1,1,9,101,1,1.5,0x1,0x1,132,2023091414571584893,2022042903175645577,2024042417355933729,-836521982,23120002,23120002,8448,204,0,1,40,0,0,180,20,2,100,35.646605,35.646605,0.000000,83,83,0,0,0xff34f79a,2023091414571585153,2022042902500534949,2024042417355941969,260,-675110628,8240,-836521977,23120008,23120008,8448,204,1,45063,51336,1,0,1,0,0,4294.967295,35.646622,128.401450,0.000000,0,83,0,100.000,0.000
1,31,23040015,2024042417355943772,1,1,9,101,1,1.5,0x1,0x1,132,2023091414571594825,2022042903175655504,2024042417355943772,-836521982,23120002,23120002,8448,204,0,1,40,0,0,180,20,2,100,35.646606,35.646606,0.000000,84,84,0,0,0xb3b1123c,2023091414571595310,2022042902500545109,2024042417355952039,485,-675110395,8267,-836521977,23120008,23120008,8448,204,1,45063,51336,1,0,1,0,0,4294.967295,35.646622,128.401450,0.000000,0,84,0,100.000,0.000
1,31,23040015,2024042417355953798,1,1,9,101,1,1.5,0x1,0x1,132,2023091414571604746,2022042903175665440,2024042417355953798,-836521982,23120002,23120002,8448,204,0,1,40,0,0,180,20,2,100,35.646606,35.646606,0.000000,85,85,0,0,0xa1cb4e37,2023091414571605753,2022042902500555550,2024042417355963112,1007,-675109890,9314,-836521977,23120008,23120008,8448,204,1,45063,51336,1,0,1,0,0,4294.967295,35.646622,128.401450,0.000000,0,85,0,100.000,0.000
1,31,23040015,2024042417355963812,1,1,9,101,1,1.5,0x1,0x1,132,2023091414571614692,2022042903175675333,2024042417355963812,-836521982,23120002,23120002,8448,204,0,1,40,0,0,180,20,2,100,35.646606,35.646606,0.000000,86,86,0,0,0x2d4030d,2023091414571615504,2022042902500565299,2024042417355972173,812,-675110034,8361,-836521977,23120008,23120008,8448,204,1,45063,51336,1,0,1,0,0,4294.967295,35.646622,128.401450,0.000000,0,86,0,100.000,0.000
1,31,23040015,2024042417355983837,1,1,9,101,1,1.5,0x1,0x1,132,2023091414571634473,2022042903175695149,2024042417355983837,-836521982,23120002,23120002,8448,204,0,1,40,0,0,180,20,2,100,35.646606,35.646606,0.000000,88,88,0,0,0xc9cabd49,2023091414571635354,2022042902500585150,2024042417355992309,881,-675109999,8472,-836521977,23120008,23120008,8448,204,1,45063,51336,1,0,1,0,0,4294.967295,35.646622,128.401450,0.000000,1,87,1,98.863,1.137
1,31,23040015,2024042417355993849,1,1,9,101,1,1.5,0x1,0x1,132,2023091414571644377,2022042903175705050,2024042417355993849,-836521982,23120002,23120002,8448,204,0,1,40,0,0,180,20,2,100,35.646606,35.646606,0.000000,89,89,0,0,0xa86590b5,2023091414571644606,2022042902500594402,2024042417360001374,229,-675110648,4007525,-836521977,23120008,23120008,8448,204,1,45063,51336,1,0,1,0,0,4294.967295,35.646622,128.401450,0.000000,0,88,1,98.876,1.124
1,31,23040015,2024042417360003860,1,1,9,101,1,1.5,0x1,0x1,132,2023091414571654316,2022042903175714987,2024042417360003860,-836521982,23120002,23120002,8448,204,0,1,40,0,0,180,20,2,100,35.646606,35.646606,0.000000,90,90,0,0,0x110801ba,2023091414571654708,2022042902500604507,2024042417360011440,392,-675110480,7580,-836521977,23120008,23120008,8448,204,1,45063,51336,1,0,1,0,0,4294.967295,35.646622,128.401450,0.000000,0,89,1,98.888,1.112
1,31,23040015,2024042417360013874,1,1,9,101,1,1.5,0x1,0x1,132,2023091414571664265,2022042903175724889,2024042417360013874,-836521982,23120002,23120002,8448,204,0,1,40,0,0,180,20,2,100,35.646606,35.646606,0.000000,91,91,0,0,0x2134e863,2023091414571664561,2022042902500614359,2024042417360021509,296,-675110530,7635,-836521977,23120008,23120008,8448,204,1,45063,51336,1,0,1,0,0,4294.967295,35.646622,128.401450,0.000000,0,90,1,98.901,1.099
1,31,23040015,2024042417360023885,1,1,9,101,1,1.5,0x1,0x1,132,2023091414571674142,2022042903175734805,2024042417360023885,-836521982,23120002,23120002,8448,204,0,1,40,0,0,180,20,2,100,35.646606,35.646606,0.000000,92,92,0,0,0xf2124391,2023091414571675253,2022042902500625049,2024042417360032582,1111,-675109756,8697,-836521977,23120008,23120008,8448,204,1,45063,51336,1,0,1,0,0,4294.967295,35.646622,128.401450,0.000000,0,91,1,98.913,1.087
1,31,23040015,2024042417360033913,1,1,9,101,1,1.5,0x1,0x1,132,2023091414571684073,2022042903175744743,2024042417360033913,-836521982,23120002,23120002,8448,204,0,1,40,0,0,180,20,2,100,35.646606,35.646606,0.000000,93,93,0,0,0xb84fb301,2023091414571685058,2022042902500634857,2024042417360041645,985,-675109886,7732,-836521977,23120008,23120008,8448,204,1,45063,51336,1,0,1,0,0,4294.967295,35.646622,128.401450,0.000000,0,92,1,98.924,1.076
1,31,23040015,2024042417360044017,1,1,9,101,1,1.5,0x1,0x1,132,2023091414571694117,2022042903175754755,2024042417360044017,-836521982,23120002,23120002,8448,204,0,1,40,0,0,180,20,2,100,35.646606,35.646606,0.000000,94,94,0,0,0x892c5296,2023091414571694504,2022042902500644301,2024042417360051717,387,-675110454,7700,-836521977,23120008,23120008,8448,204,1,45063,51336,1,0,1,0,0,4294.967295,35.646622,128.401450,0.000000,0,93,1,98.936,1.064
1,31,23040015,2024042417360054129,1,1,9,101,1,1.5,0x1,0x1,132,2023091414571704161,2022042903175764793,2024042417360054129,-836521982,23120002,23120002,8448,204,0,1,40,0,0,180,20,2,100,35.646606,35.646606,0.000000,95,95,0,0,0x63e68d02,2023091414571705254,2022042902500655055,2024042417360061786,1093,-675109738,7657,-836521977,23120008,23120008,8448,204,1,45063,51336,1,0,1,0,0,4294.967295,35.646622,128.401450,0.000000,0,94,1,98.947,1.053
1,31,23040015,2024042417360064168,1,1,9,101,1,1.5,0x1,0x1,132,2023091414571714080,2022042903175774765,2024042417360064168,-836521982,23120002,23120002,8448,204,0,1,40,0,0,180,20,2,100,35.646606,35.646606,0.000000,96,96,0,0,0x32de2fa8,2023091414571715054,2022042902500664851,2024042417360071853,974,-675109914,7685,-836521977,23120008,23120008,8448,204,1,45063,51336,1,0,1,0,0,4294.967295,35.646622,128.401450,0.000000,0,95,1,98.958,1.042
1,31,23040015,2024042417360074210,1,1,9,101,1,1.5,0x1,0x1,132,2023091414571724080,2022042903175784720,2024042417360074210,-836521982,23120002,23120002,8448,204,0,1,40,0,0,180,20,2,100,35.646606,35.646606,0.000000,97,97,0,0,0xc5109319,2023091414571724765,2022042902500674570,2024042417360081903,685,-675110150,7693,-836521977,23120008,23120008,8448,204,1,45063,51336,1,0,1,0,0,4294.967295,35.646622,128.401450,0.000000,0,96,1,98.969,1.031
1,31,23040015,2024042417360084320,1,1,9,101,1,1.5,0x1,0x1,132,2023091414571734025,2022042903175794690,2024042417360084320,-836521982,23120002,23120002,8448,204,0,1,40,0,0,180,20,2,100,35.646606,35.646606,0.000000,98,98,0,0,0xdf7c3cbb,2023091414571734507,2022042902500684309,2024042417360091971,482,-675110381,7651,-836521977,23120008,23120008,8448,204,1,45063,51336,1,0,1,0,0,4294.967295,35.646622,128.401450,0.000000,0,97,1,98.979,1.021
1,31,23040015,2024042417360094432,1,1,9,101,1,1.5,0x1,0x1,132,2023091414571744058,2022042903175804724,2024042417360094432,-836521982,23120002,23120002,8448,204,0,1,40,0,0,180,20,2,100,35.646607,35.646607,0.000000,99,99,0,0,0x77dcaa42,2023091414571744654,2022042902500694453,2024042417360102055,596,-675110271,7623,-836521977,23120008,23120008,8448,204,1,45063,51336,1,0,1,0,0,4294.967295,35.646622,128.401450,0.000000,0,98,1,98.989,1.011
1,31,23040015,2024042417360104448,1,1,9,101,1,1.5,0x1,0x1,132,2023091414571753992,2022042903175814654,2024042417360104448,-836521982,23120002,23120002,8448,204,0,1,40,0,0,180,20,2,100,35.646607,35.646607,0.000000,100,100,0,0,0xa5fae322,2023091414571754361,2022042902500704166,2024042417360111120,369,-675110488,6672,-836521977,23120008,23120008,8448,204,1,45063,51336,1,0,1,0,0,4294.967295,35.646622,128.401450,0.000000,0,99,1,99.000,1.000
1,31,23040015,2024042417360114461,1,1,9,101,1,1.5,0x1,0x1,132,2023091414571763922,2022042903175824583,2024042417360114461,-836521982,23120002,23120002,8448,204,0,1,40,0,0,180,20,2,100,35.646607,35.646607,0.000000,101,1,0,0,0x9bd37b2e,2023091414571764607,2022042902500714406,2024042417360121188,685,-675110177,6727,-836521977,23120008,23120008,8448,204,1,45063,51336,1,0,1,0,0,4294.967295,35.646622,128.401450,0.000000,0,100,1,99.009,0.991
1,31,23040015,2024042417360124473,1,1,9,101,1,1.5,0x1,0x1,132,2023091414571773795,2022042903175834495,2024042417360124473,-836521982,23120002,23120002,8448,204,0,1,40,0,0,180,20,2,100,35.646607,35.646607,0.000000,102,2,0,0,0xc30aa181,2023091414571764607,2022042902500714406,2024042417360131241,-9188,-675120089,6768,-836521977,23120008,23120008,8448,204,1,45063,51336,1,0,1,0,0,4294.967295,35.646622,128.401450,0.000000,0,101,1,99.019,0.981
1,31,23040015,2024042417360134486,1,1,9,101,1,1.5,0x1,0x1,132,2023091414571783763,2022042903175844433,2024042417360134486,-836521982,23120002,23120002,8448,204,0,1,40,0,0,180,20,2,100,35.646607,35.646607,0.000000,103,3,0,0,0x7045ceea,2023091414571784058,2022042902500733859,2024042417360141327,295,-675110574,6841,-836521977,23120008,23120008,8448,204,1,45063,51336,1,0,1,0,0,4294.967295,35.646622,128.401450,0.000000,0,102,1,99.029,0.971
1,31,23040015,2024042417360144500,1,1,9,101,1,1.5,0x1,0x1,132,2023091414571793727,2022042903175854361,2024042417360144500,-836521982,23120002,23120002,8448,204,0,1,40,0,0,180,20,2,100,35.646607,35.646607,0.000000,104,4,0,0,0x58081e17,2023091414571794112,2022042902500743927,2024042417360151392,385,-675110434,6892,-836521977,23120008,23120008,8448,204,1,45063,51336,1,0,1,0,0,4294.967295,35.646622,128.401450,0.000000,0,103,1,99.038,0.962
1,31,23040015,2024042417360154513,1,1,9,101,1,1.5,0x1,0x1,132,2023091414571803641,2022042903175864299,2024042417360154513,-836521982,23120002,23120002,8448,204,0,1,40,0,0,180,20,2,100,35.646607,35.646607,0.000000,105,5,0,0,0x160e70e0,2023091414571804214,2022042902500754017,2024042417360161457,573,-675110282,6944,-836521977,23120008,23120008,8448,204,1,45063,51336,1,0,1,0,0,4294.967295,35.646622,128.401450,0.000000,0,104,1,99.047,0.953
1,31,23040015,2024042417360164525,1,1,9,101,1,1.5,0x1,0x1,132,2023091414571813562,2022042903175874229,2024042417360164525,-836521982,23120002,23120002,8448,204,0,1,40,0,0,180,20,2,100,35.646607,35.646607,0.000000,106,6,0,0,0x11c8a5bc,2023091414571813913,2022042902500763720,2024042417360170515,351,-675110509,5990,-836521977,23120008,23120008,8448,204,1,45063,51336,1,0,1,0,0,4294.967295,35.646622,128.401450,0.000000,0,105,1,99.056,0.944
1,31,23040015,2024042417360174538,1,1,9,101,1,1.5,0x1,0x1,132,2023091414571823471,2022042903175884159,2024042417360174538,-836521982,23120002,23120002,8448,204,0,1,40,0,0,180,20,2,100,35.646607,35.646607,0.000000,107,7,0,0,0xb199f944,2023091414571823858,2022042902500773664,2024042417360180562,387,-675110495,6024,-836521977,23120008,23120008,8448,204,1,45063,51336,1,0,1,0,0,4294.967295,35.646622,128.401450,0.000000,0,106,1,99.065,0.935
1,31,23040015,2024042417360184550,1,1,9,101,1,1.5,0x1,0x1,132,2023091414571833419,2022042903175894093,2024042417360184550,-836521982,23120002,23120002,8448,204,0,1,40,0,0,180,20,2,100,35.646607,35.646607,0.000000,108,8,0,0,0xd19c7ec5,2023091414571834116,2022042902500783920,2024042417360190645,697,-675110173,6095,-836521977,23120008,23120008,8448,204,1,45063,51336,1,0,1,0,0,4294.967295,35.646622,128.401450,0.000000,0,107,1,99.074,0.926
1,31,23040015,2024042417360194561,1,1,9,101,1,1.5,0x1,0x1,132,2023091414571843359,2022042903175904036,2024042417360194561,-836521982,23120002,23120002,8448,204,0,1,40,0,0,180,20,2,100,35.646607,35.646607,0.000000,109,9,0,0,0xd0d44b0f,2023091414571844464,2022042902500794268,2024042417360201714,1105,-675109768,7153,-836521977,23120008,23120008,8448,204,1,45063,51336,1,0,1,0,0,4294.967295,35.646622,128.401450,0.000000,0,108,1,99.082,0.918
1,31,23040015,2024042417360204572,1,1,9,101,1,1.5,0x1,0x1,132,2023091414571853286,2022042903175913970,2024042417360204572,-836521982,23120002,23120002,8448,204,0,1,40,0,0,180,20,2,100,35.646607,35.646607,0.000000,110,10,0,0,0xc40f64ce,2023091414571853562,2022042902500803364,2024042417360210777,276,-675110606,6205,-836521977,23120008,23120008,8448,204,1,45063,51336,1,0,1,0,0,4294.967295,35.646622,128.401450,0.000000,0,109,1,99.090,0.910
1,31,23040015,2024042417360214584,1,1,9,101,1,1.5,0x1,0x1,132,2023091414571863207,2022042903175923897,2024042417360214584,-836521982,23120002,23120002,8448,204,0,1,40,0,0,180,20,2,100,35.646607,35.646607,0.000000,111,11,0,0,0x7db66d19,2023091414571863913,2022042902500813719,2024042417360220845,706,-675110178,6261,-836521977,23120008,23120008,8448,204,1,45063,51336,1,0,1,0,0,4294.967295,35.646622,128.401450,0.000000,0,110,1,99.099,0.901
1,31,23040015,2024042417360224596,1,1,9,101,1,1.5,0x1,0x1,132,2023091414571873134,2022042903175933834,2024042417360224596,-836521982,23120002,23120002,8448,204,0,1,40,0,0,180,20,2,100,35.646607,35.646607,0.000000,112,12,0,0,0xcfa9819b,2023091414571873511,2022042902500823315,2024042417360230915,377,-675110519,6319,-836521977,23120008,23120008,8448,204,1,45063,51336,1,0,1,0,0,4294.967295,35.646622,128.401450,0.000000,0,111,1,99.107,0.893
1,31,23040015,2024042417360234608,1,1,9,101,1,1.5,0x1,0x1,132,2023091414571883075,2022042903175943777,2024042417360234608,-836521982,23120002,23120002,8448,204,0,1,40,0,0,180,20,2,100,35.646607,35.646607,0.000000,113,13,0,0,0xfcebe0c8,2023091414571883957,2022042902500833763,2024042417360240979,882,-675110014,6371,-836521977,23120008,23120008,8448,204,1,45063,51336,1,0,1,0,0,4294.967295,35.646622,128.401450,0.000000,0,112,1,99.115,0.885
1,31,23040015,2024042417360244620,1,1,9,101,1,1.5,0x1,0x1,132,2023091414571893011,2022042903175953718,2024042417360244620,-836521982,23120002,23120002,8448,204,0,1,40,0,0,180,20,2,100,35.646607,35.646607,0.000000,114,14,0,0,0x80ea410f,2023091414571893762,2022042902500843569,2024042417360251052,751,-675110149,6432,-836521977,23120008,23120008,8448,204,1,45063,51336,1,0,1,0,0,4294.967295,35.646622,128.401450,0.000000,0,113,1,99.122,0.878
1,31,23040015,2024042417360254634,1,1,9,101,1,1.5,0x1,0x1,132,2023091414571902968,2022042903175963668,2024042417360254634,-836521982,23120002,23120002,8448,204,0,1,40,0,0,180,20,2,100,35.646607,35.646607,0.000000,115,15,0,0,0x671adae4,2023091414571903559,2022042902500853371,2024042417360260142,591,-675110297,5508,-836521977,23120008,23120008,8448,204,1,45063,51336,1,0,1,0,0,4294.967295,35.646622,128.401450,0.000000,0,114,1,99.130,0.870
1,31,23040015,2024042417360264647,1,1,9,101,1,1.5,0x1,0x1,132,2023091414571913012,2022042903175973603,2024042417360264647,-836521982,23120002,23120002,8448,204,0,1,40,0,0,180,20,2,100,35.646607,35.646607,0.000000,116,16,0,0,0x1385816f,2023091414571913912,2022042902500863721,2024042417360271236,900,-675109882,6589,-836521977,23120008,23120008,8448,204,1,45063,51336,1,0,1,0,0,4294.967295,35.646622,128.401450,0.000000,0,115,1,99.137,0.863
1,31,23040015,2024042417360274659,1,1,9,101,1,1.5,0x1,0x1,132,2023091414571922959,2022042903175983541,2024042417360274659,-836521982,23120002,23120002,8448,204,0,1,40,0,0,180,20,2,100,35.646607,35.646607,0.000000,117,17,0,0,0x52d10b50,2023091414571924060,2022042902500873870,2024042417360281311,1101,-675109671,6652,-836521977,23120008,23120008,8448,204,1,45063,51336,1,0,1,0,0,4294.967295,35.646622,128.401450,0.000000,0,116,1,99.145,0.855
1,31,23040015,2024042417360284672,1,1,9,101,1,1.5,0x1,0x1,132,2023091414571932902,2022042903175993483,2024042417360284672,-836521982,23120002,23120002,8448,204,0,1,40,0,0,180,20,2,100,35.646607,35.646607,0.000000,118,18,0,0,0x7f08dbf4,2023091414571933762,2022042902500883568,2024042417360290375,860,-675109915,5703,-836521977,23120008,23120008,8448,204,1,45063,51336,1,0,1,0,0,4294.967295,35.646622,128.401450,0.000000,0,117,1,99.152,0.848
1,31,23040015,2024042417360294683,1,1,9,101,1,1.5,0x1,0x1,132,2023091414571942838,2022042903180003423,2024042417360294683,-836521982,23120002,23120002,8448,204,0,1,40,0,0,180,20,2,100,35.646607,35.646607,0.000000,119,19,0,0,0xc11da74c,2023091414571943108,2022042902500892914,2024042417360300445,270,-679110509,5762,-836521977,23120008,23120008,8448,204,1,45063,51336,1,0,1,0,0,4294.967295,35.646622,128.401450,0.000000,0,118,1,99.159,0.841
1,31,23040015,2024042417360304701,1,1,9,101,1,1.5,0x1,0x1,132,2023091414571952793,2022042903180013375,2024042417360304701,-836521982,23120002,23120002,8448,204,0,1,40,0,0,180,20,2,100,35.646607,35.646607,0.000000,120,20,0,0,0xbbbf2343,2023091414571953261,2022042902500903064,2024042417360310513,468,-679110311,5812,-836521977,23120008,23120008,8448,204,1,45063,51336,1,0,1,0,0,4294.967295,35.646622,128.401450,0.000000,0,119,1,99.166,0.834
1,31,23040015,2024042417360314729,1,1,9,101,1,1.5,0x1,0x1,132,2023091414571962724,2022042903180023335,2024042417360314729,-836521982,23120002,23120002,8448,204,0,1,40,0,0,180,20,2,100,35.646607,35.646607,0.000000,121,21,0,0,0x4f31f633,2023091414571963813,2022042902500913619,2024042417360320581,1089,-679109716,5852,-836521977,23120008,23120008,8448,204,1,45063,51336,1,0,1,0,0,4294.967295,35.646622,128.401450,0.000000,0,120,1,99.173,0.827
1,31,23040015,2024042417360324745,1,1,9,101,1,1.5,0x1,0x1,132,2023091414571972634,2022042903180033305,2024042417360324745,-836521982,23120002,23120002,8448,204,0,1,40,0,0,180,20,2,100,35.646608,35.646608,0.000000,122,22,0,0,0x6277da80,2023091414571973511,2022042902500923317,2024042417360330650,877,-679109988,5905,-836521977,23120008,23120008,8448,204,1,45063,51336,1,0,1,0,0,4294.967295,35.646622,128.401450,0.000000,0,121,1,99.180,0.820
1,31,23040015,2024042417360334774,1,1,9,101,1,1.5,0x1,0x1,132,2023091414571982560,2022042903180043270,2024042417360334774,-836521982,23120002,23120002,8448,204,0,1,40,0,0,180,20,2,100,35.646608,35.646608,0.000000,123,23,0,0,0x58ddd4f,2023091414571983463,2022042902500933270,2024042417360340727,903,-679110000,5953,-836521977,23120008,23120008,8448,204,1,45063,51336,1,0,1,0,0,4294.967295,35.646622,128.401450,0.000000,0,122,1,99.186,0.814
1,31,23040015,2024042417360344800,1,1,9,101,1,1.5,0x1,0x1,132,2023091414571992526,2022042903180053234,2024042417360344800,-836521982,23120002,23120002,8448,204,0,1,40,0,0,180,20,2,100,35.646608,35.646608,0.000000,124,24,0,0,0x28247e4d,2023091414571992812,2022042902500942621,2024042417360349780,286,-679110613,4980,-836521977,23120008,23120008,8448,204,1,45063,51336,1,0,1,0,0,4294.967295,35.646622,128.401450,0.000000,0,123,1,99.193,0.807
1,31,23040015,2024042417360354827,1,1,9,101,1,1.5,0x1,0x1,132,2023091414572002507,2022042903180063197,2024042417360354827,-836521982,23120002,23120002,8448,204,0,1,40,0,0,180,20,2,100,35.646608,35.646608,0.000000,125,25,0,0,0x1a8bc78a,2023091414572003608,2022042902500953432,2024042417360360855,1101,-679109765,6028,-836521977,23120008,23120008,8448,204,1,45063,51336,1,0,1,0,0,4294.967295,35.646622,128.401450,0.000000,0,124,1,99.200,0.800
1,31,23040015,2024042417360364844,1,1,9,101,1,1.5,0x1,0x1,132,2023091414572012444,2022042903180073140,2024042417360364844,-836521982,23120002,23120002,8448,204,0,1,40,0,0,180,20,2,100,35.646608,35.646608,0.000000,126,26,0,0,0xa73e59f8,2023091414572013062,2022042902500962868,2024042417360369923,618,-679110272,5079,-836521977,23120008,23120008,8448,204,1,45063,51336,1,0,1,0,0,4294.967295,35.646622,128.401450,0.000000,0,125,1,99.206,0.794
1,31,23040015,2024042417360374873,1,1,9,101,1,1.5,0x1,0x1,132,2023091414572022469,2022042903180083121,2024042417360374873,-836521982,23120002,23120002,8448,204,0,1,40,0,0,180,20,2,100,35.646608,35.646608,0.000000,127,27,0,0,0xa8810682,2023091414572023564,2022042902500973374,2024042417360381003,1095,-679109747,6130,-836521977,23120008,23120008,8448,204,1,45063,51336,1,0,1,0,0,4294.967295,35.646622,128.401450,0.000000,0,126,1,99.212,0.788
1,31,23040015,2024042417360384890,1,1,9,101,1,1.5,0x1,0x1,132,2023091414572032384,2022042903180093071,2024042417360384890,-836521982,23120002,23120002,8448,204,0,1,40,0,0,180,20,2,100,35.646608,35.646608,0.000000,128,28,0,0,0x5f8478fd,2023091414572033411,2022042902500983219,2024042417360390069,1027,-679109852,5179,-836521977,23120008,23120008,8448,204,1,45063,51336,1,0,1,0,0,4294.967295,35.646622,128.401450,0.000000,0,127,1,99.218,0.782
1,31,23040015,2024042417360394914,1,1,9,101,1,1.5,0x1,0x1,132,2023091414572042491,2022042903180103072,2024042417360394914,-836521982,23120002,23120002,8448,204,0,1,40,0,0,180,20,2,100,35.646608,35.646608,0.000000,129,29,0,0,0x8ca9d42e,2023091414572043558,2022042902500993367,2024042417360400143,1067,-679109705,5229,-836521977,23120008,23120008,8448,204,1,45063,51336,1,0,1,0,0,4294.967295,35.646622,128.401450,0.000000,0,128,1,99.224,0.776
1,31,23040015,2024042417360404938,1,1,9,101,1,1.5,0x1,0x1,132,2023091414572052389,2022042903180113019,2024042417360404938,-836521982,23120002,23120002,8448,204,0,1,40,0,0,180,20,2,100,35.646608,35.646608,0.000000,130,30,0,0,0xbe9e8e8a,2023091414572053318,2022042902501003123,2024042417360410216,929,-679109896,5278,-836521977,23120008,23120008,8448,204,1,45063,51336,1,0,1,0,0,4294.967295,35.646622,128.401450,0.000000,0,129,1,99.230,0.770
1,31,23040015,2024042417360414962,1,1,9,101,1,1.5,0x1,0x1,132,2023091414572062295,2022042903180122966,2024042417360414962,-836521982,23120002,23120002,8448,204,0,1,40,0,0,180,20,2,100,35.646608,35.646608,0.000000,131,31,0,0,0xc724f217,2023091414572063113,2022042902501012922,2024042417360420289,818,-679110044,5327,-836521977,23120008,23120008,8448,204,1,45063,51336,1,0,1,0,0,4294.967295,35.646622,128.401450,0.000000,0,130,1,99.236,0.764
1,31,23040015,2024042417360424983,1,1,9,101,1,1.5,0x1,0x1,132,2023091414572072231,2022042903180132934,2024042417360424983,-836521982,23120002,23120002,8448,204,0,1,40,0,0,180,20,2,100,35.646608,35.646608,0.000000,132,32,0,0,0xbc57b19b,2023091414572072711,2022042902501022519,2024042417360429355,480,-679110415,4372,-836521977,23120008,23120008,8448,204,1,45063,51336,1,0,1,0,0,4294.967295,35.646622,128.401450,0.000000,0,131,1,99.242,0.758
1,31,23040015,2024042417360435001,1,1,9,101,1,1.5,0x1,0x1,132,2023091414572082239,2022042903180142883,2024042417360435001,-836521982,23120002,23120002,8448,204,0,1,40,0,0,180,20,2,100,35.646608,35.646608,0.000000,133,33,0,0,0x9ce14b41,2023091414572083257,2022042902501033067,2024042417360440435,1018,-679109816,5434,-836521977,23120008,23120008,8448,204,1,45063,51336,1,0,1,0,0,4294.967295,35.646622,128.401450,0.000000,0,132,1,99.248,0.752
1,31,23040015,2024042417360445029,1,1,9,101,1,1.5,0x1,0x1,132,2023091414572092166,2022042903180152848,2024042417360445029,-836521982,23120002,23120002,8448,204,0,1,40,0,0,180,20,2,100,35.646608,35.646608,0.000000,134,34,0,0,0x2a79694e,2023091414572093211,2022042902501043022,2024042417360450512,1045,-679109826,5483,-836521977,23120008,23120008,8448,204,1,45063,51336,1,0,1,0,0,4294.967295,35.646622,128.401450,0.000000,0,133,1,99.253,0.747
1,31,23040015,2024042417360455049,1,1,9,101,1,1.5,0x1,0x1,132,2023091414572102108,2022042903180162814,2024042417360455049,-836521982,23120002,23120002,8448,204,0,1,40,0,0,180,20,2,100,35.646608,35.646608,0.000000,135,35,0,0,0x92e7d8ed,2023091414572103010,2022042902501052821,2024042417360460586,902,-679109993,5537,-836521977,23120008,23120008,8448,204,1,45063,51336,1,0,1,0,0,4294.967295,35.646622,128.401450,0.000000,0,134,1,99.259,0.741
1,31,23040015,2024042417360465066,1,1,9,101,1,1.5,0x1,0x1,132,2023091414572112115,2022042903180172814,2024042417360465066,-836521982,23120002,23120002,8448,204,0,1,40,0,0,180,20,2,100,35.646608,35.646608,0.000000,136,36,0,0,0x911c6ea6,2023091414572112960,2022042902501062770,2024042417360469652,845,-679110044,4586,-836521977,23120008,23120008,8448,204,1,45063,51336,1,0,1,0,0,4294.967295,35.646622,128.401450,0.000000,0,135,1,99.264,0.736
1,31,23040015,2024042417360475081,1,1,9,101,1,1.5,0x1,0x1,132,2023091414572122054,2022042903180182757,2024042417360475081,-836521982,23120002,23120002,8448,204,0,1,40,0,0,180,20,2,100,35.646608,35.646608,0.000000,137,37,0,0,0xa46dda5d,2023091414572123103,2022042902501072915,2024042417360479726,1049,-679109842,4645,-836521977,23120008,23120008,8448,204,1,45063,51336,1,0,1,0,0,4294.967295,35.646622,128.401450,0.000000,0,136,1,99.270,0.730
1,31,23040015,2024042417360485096,1,1,9,101,1,1.5,0x1,0x1,132,2023091414572132056,2022042903180192714,2024042417360485096,-836521982,23120002,23120002,8448,204,0,1,40,0,0,180,20,2,100,35.646608,35.646608,0.000000,138,38,0,0,0x85ed32b6,2023091414572132909,2022042902501082717,2024042417360489800,853,-679109997,4704,-836521977,23120008,23120008,8448,204,1,45063,51336,1,0,1,0,0,4294.967295,35.646622,128.401450,0.000000,0,137,1,99.275,0.725
1,31,23040015,2024042417360495119,1,1,9,101,1,1.5,0x1,0x1,132,2023091414572141972,2022042903180202681,2024042417360495119,-836521982,23120002,23120002,8448,204,0,1,40,0,0,180,20,2,100,35.646608,35.646608,0.000000,139,39,0,0,0x7392d28d,2023091414572142561,2022042902501092371,2024042417360499876,589,-679110310,4757,-836521977,23120008,23120008,8448,204,1,45063,51336,1,0,1,0,0,4294.967295,35.646622,128.401450,0.000000,0,138,1,99.280,0.720
1,31,23040015,2024042417360505134,1,1,9,101,1,1.5,0x1,0x1,132,2023091414572151989,2022042903180212642,2024042417360505134,-836521982,23120002,23120002,8448,204,0,1,40,0,0,180,20,2,100,35.646608,35.646608,0.000000,140,40,0,0,0x43432bcb,2023091414572152261,2022042902501102067,2024042417360508939,272,-679110575,3805,-836521977,23120008,23120008,8448,204,1,45063,51336,1,0,1,0,0,4294.967295,35.646622,128.401450,0.000000,0,139,1,99.285,0.715
1,31,23040015,2024042417360515155,1,1,9,101,1,1.5,0x1,0x1,132,2023091414572161910,2022042903180222608,2024042417360515155,-836521982,23120002,23120002,8448,204,0,1,40,0,0,180,20,2,100,35.646608,35.646608,0.000000,141,41,0,0,0xc1b1c7,2023091414572162312,2022042902501112122,2024042417360519016,402,-679110486,3861,-836521977,23120008,23120008,8448,204,1,45063,51336,1,0,1,0,0,4294.967295,35.646622,128.401450,0.000000,0,140,1,99.290,0.710
1,31,23040015,2024042417360525171,1,1,9,101,1,1.5,0x1,0x1,132,2023091414572171948,2022042903180232562,2024042417360525171,-836521982,23120002,23120002,8448,204,0,1,40,0,0,180,20,2,100,35.646608,35.646608,0.000000,142,42,0,0,0xfe54cafb,2023091414572172459,2022042902501122270,2024042417360529088,511,-679110292,3917,-836521977,23120008,23120008,8448,204,1,45063,51336,1,0,1,0,0,4294.967295,35.646622,128.401450,0.000000,0,141,1,99.295,0.705
1,31,23040015,2024042417360535186,1,1,9,101,1,1.5,0x1,0x1,132,2023091414572181870,2022042903180242540,2024042417360535186,-836521982,23120002,23120002,8448,204,0,1,40,0,0,180,20,2,100,35.646608,35.646608,0.000000,143,43,0,0,0x86da3162,2023091414572182567,2022042902501132376,2024042417360540167,697,-679110164,4981,-836521977,23120008,23120008,8448,204,1,45063,51336,1,0,1,0,0,4294.967295,35.646622,128.401450,0.000000,0,142,1,99.300,0.700
1,31,23040015,2024042417360545201,1,1,9,101,1,1.5,0x1,0x1,132,2023091414572191880,2022042903180252493,2024042417360545201,-836521982,23120002,23120002,8448,204,0,1,40,0,0,180,20,2,100,35.646608,35.646608,0.000000,144,44,0,0,0xbb471936,2023091414572192858,2022042902501142669,2024042417360550240,978,-679109824,5039,-836521977,23120008,23120008,8448,204,1,45063,51336,1,0,1,0,0,4294.967295,35.646622,128.401450,0.000000,0,143,1,99.305,0.695
1,31,23040015,2024042417360555220,1,1,9,101,1,1.5,0x1,0x1,132,2023091414572201775,2022042903180262478,2024042417360555220,-836521982,23120002,23120002,8448,204,0,1,40,0,0,180,20,2,100,35.646609,35.646609,0.000000,145,45,0,0,0xa7da8cc9,2023091414572202363,2022042902501152177,2024042417360559306,588,-679110301,4086,-836521977,23120008,23120008,8448,204,1,45063,51336,1,0,1,0,0,4294.967295,35.646622,128.401450,0.000000,0,144,1,99.310,0.690
1,31,23040015,2024042417360565237,1,1,9,101,1,1.5,0x1,0x1,132,2023091414572211744,2022042903180272427,2024042417360565237,-836521982,23120002,23120002,8448,204,0,1,40,0,0,180,20,2,100,35.646609,35.646609,0.000000,146,46,0,0,0xf13ff2fb,2023091414572212659,2022042902501162467,2024042417360569378,915,-679109960,4141,-836521977,23120008,23120008,8448,204,1,45063,51336,1,0,1,0,0,4294.967295,35.646622,128.401450,0.000000,0,145,1,99.315,0.685
1,31,23040015,2024042417360575256,1,1,9,101,1,1.5,0x1,0x1,132,2023091414572221705,2022042903180282399,2024042417360575256,-836521982,23120002,23120002,8448,204,0,1,40,0,0,180,20,2,100,35.646609,35.646609,0.000000,147,47,0,0,0xf83ccc02,2023091414572222411,2022042902501172222,2024042417360579452,706,-679110177,4196,-836521977,23120008,23120008,8448,204,1,45063,51336,1,0,1,0,0,4294.967295,35.646622,128.401450,0.000000,0,146,1,99.319,0.681
1,31,23040015,2024042417360585269,1,1,9,101,1,1.5,0x1,0x1,132,2023091414572231711,2022042903180292362,2024042417360585269,-836521982,23120002,23120002,8448,204,0,1,40,0,0,180,20,2,100,35.646609,35.646609,0.000000,148,48,0,0,0xc04f91ef,2023091414572232659,2022042902501182470,2024042417360589524,948,-679109892,4255,-836521977,23120008,23120008,8448,204,1,45063,51336,1,0,1,0,0,4294.967295,35.646622,128.401450,0.000000,0,147,1,99.324,0.676
1,31,23040015,2024042417360595284,1,1,9,101,1,1.5,0x1,0x1,132,2023091414572241665,2022042903180302345,2024042417360595284,-836521982,23120002,23120002,8448,204,0,1,40,0,0,180,20,2,100,35.646609,35.646609,0.000000,149,49,0,0,0x318f116f,2023091414572242360,2022042902501192175,2024042417360599595,695,-679110170,4311,-836521977,23120008,23120008,8448,204,1,45063,51336,1,0,1,0,0,4294.967295,35.646622,128.401450,0.000000,0,148,1,99.328,0.672
1,31,23040015,2024042417360605297,1,1,9,101,1,1.5,0x1,0x1,132,2023091414572251641,2022042903180312301,2024042417360605297,-836521982,23120002,23120002,8448,204,0,1,40,0,0,180,20,2,100,35.646609,35.646609,0.000000,150,50,0,0,0x15442c2e,2023091414572252676,2022042902501202489,2024042417360609667,1035,-679109812,4370,-836521977,23120008,23120008,8448,204,1,45063,51336,1,0,1,0,0,4294.967295,35.646622,128.401450,0.000000,0,149,1,99.333,0.667
1,31,23040015,2024042417360615317,1,1,9,101,1,1.5,0x1,0x1,132,2023091414572261665,2022042903180322268,2024042417360615317,-836521982,23120002,23120002,8448,204,0,1,40,0,0,180,20,2,100,35.646609,35.646609,0.000000,151,51,0,0,0xf5d51af2,2023091414572262117,2022042902501211931,2024042417360619738,452,-679110337,4421,-836521977,23120008,23120008,8448,204,1,45063,51336,1,0,1,0,0,4294.967295,35.646622,128.401450,0.000000,0,150,1,99.337,0.663
1,31,23040015,2024042417360625332,1,1,9,101,1,1.5,0x1,0x1,132,2023091414572271562,2022042903180332254,2024042417360625332,-836521982,23120002,23120002,8448,204,0,1,40,0,0,180,20,2,100,35.646609,35.646609,0.000000,152,52,0,0,0xe0b52e53,2023091414572272659,2022042902501222474,2024042417360629810,1097,-679109780,4478,-836521977,23120008,23120008,8448,204,1,45063,51336,1,0,1,0,0,4294.967295,35.646622,128.401450,0.000000,0,151,1,99.342,0.658
1,31,23040015,2024042417360635347,1,1,9,101,1,1.5,0x1,0x1,132,2023091414572281568,2022042903180342224,2024042417360635347,-836521982,23120002,23120002,8448,204,0,1,40,0,0,180,20,2,100,35.646609,35.646609,0.000000,153,53,0,0,0xddeefc1c,2023091414572281766,2022042902501231577,2024042417360638875,198,-679110647,3528,-836521977,23120008,23120008,8448,204,1,45063,51336,1,0,1,0,0,4294.967295,35.646622,128.401450,0.000000,0,152,1,99.346,0.654
1,31,23040015,2024042417360645357,1,1,9,101,1,1.5,0x1,0x1,132,2023091414572291508,2022042903180352188,2024042417360645357,-836521982,23120002,23120002,8448,204,0,1,40,0,0,180,20,2,100,35.646609,35.646609,0.000000,154,54,0,0,0x9e5ee705,2023091414572292607,2022042902501242421,2024042417360649954,1099,-679109767,4597,-836521977,23120008,23120008,8448,204,1,45063,51336,1,0,1,0,0,4294.967295,35.646622,128.401450,0.000000,0,153,1,99.350,0.650
1,31,23040015,2024042417360655368,1,1,9,101,1,1.5,0x1,0x1,132,2023091414572301451,2022042903180362161,2024042417360655368,-836521982,23120002,23120002,8448,204,0,1,40,0,0,180,20,2,100,35.646609,35.646609,0.000000,155,55,0,0,0x4ba42877,2023091414572301962,2022042902501251782,2024042417360659020,511,-679110379,3652,-836521977,23120008,23120008,8448,204,1,45063,51336,1,0,1,0,0,4294.967295,35.646622,128.401450,0.000000,0,154,1,99.354,0.646
1,31,23040015,2024042417360665390,1,1,9,101,1,1.5,0x1,0x1,132,2023091414572311431,2022042903180372125,2024042417360665390,-836521982,23120002,23120002,8448,204,0,1,40,0,0,180,20,2,100,35.646609,35.646609,0.000000,156,56,0,0,0x61919fbf,2023091414572312458,2022042902501262271,2024042417360669093,1027,-679109854,3703,-836521977,23120008,23120008,8448,204,1,45063,51336,1,0,1,0,0,4294.967295,35.646622,128.401450,0.000000,0,155,1,99.358,0.642
1,31,23040015,2024042417360675404,1,1,9,101,1,1.5,0x1,0x1,132,2023091414572321399,2022042903180382102,2024042417360675404,-836521982,23120002,23120002,8448,204,0,1,40,0,0,180,20,2,100,35.646609,35.646609,0.000000,157,57,0,0,0x60d85182,2023091414572322511,2022042902501272330,2024042417360680172,1112,-679109772,4768,-836521977,23120008,23120008,8448,204,1,45063,51336,1,0,1,0,0,4294.967295,35.646622,128.401450,0.000000,0,156,1,99.363,0.637
1,31,23040015,2024042417360685429,1,1,9,101,1,1.5,0x1,0x1,132,2023091414572331428,2022042903180392078,2024042417360685429,-836521982,23120002,23120002,8448,204,0,1,40,0,0,180,20,2,100,35.646609,35.646609,0.000000,158,58,0,0,0xe6fdb1d8,2023091414572331713,2022042902501281528,2024042417360689242,285,-679110550,3813,-836521977,23120008,23120008,8448,204,1,45063,51336,1,0,1,0,0,4294.967295,35.646622,128.401450,0.000000,0,157,1,99.367,0.633
1,31,23040015,2024042417360695451,1,1,9,101,1,1.5,0x1,0x1,132,2023091414572341374,2022042903180402049,2024042417360695451,-836521982,23120002,23120002,8448,204,0,1,40,0,0,180,20,2,100,35.646609,35.646609,0.000000,159,59,0,0,0x47755022,2023091414572341960,2022042902501291776,2024042417360699317,586,-679110273,3866,-836521977,23120008,23120008,8448,204,1,45063,51336,1,0,1,0,0,4294.967295,35.646622,128.401450,0.000000,0,158,1,99.371,0.629
