eDeviceType,eTeleCommType,unDeviceId,ulTimeStamp,eServiceId,eActionType,eRegionId,ePayloadType,eCommId,usDbVer,usHwVer,usSwVer,ulPayloadLength,ulTxTimeStampL1,ulTxTimeStampL2,ulTxTimeStampL3,unTxDeviceIdL1,unTxDeviceIdL2,unTxDeviceIdL3,usTxSwVerL1,usTxSwVerL2,usTxSwVerL3,usTxHwVerL1,usTxHwVerL2,usTxHwVerL3,unRxTargetDeviceId,usTxFreq,ucTxPwr,ucTxBw,ucScs,ucMcs,usTxRatio,nTxLatitude,nTxLongitude,nTxAttitude,unSeqNum,unContCnt,unTxVehicleSpeed,unTxVehicleHeading,unTotalPacketCrc32,ulRxTimeStampL1,ulRxTimeStampL2,ulRxTimeStampL3,ulLatencyL1(us),ulLatencyL2(us),ulLatencyL3(us),unRxDeviceIdL1,unRxDeviceIdL2,unRxDeviceIdL3,usRxSwVerL1,usRxSwVerL2,usRxSwVerL3,usRxHwVerL1,usRxHwVerL2,usRxHwVerL3,unRxVehicleSpeed,unRxVehicleHeading,unTotalCommDevCnt,nRssi,ucRcpi,eRsvLevel,usCommDistance,nRxLatitude,nRxLongitude,nRxAttitude,ucErrIndicator,ulTotalPacketCnt,ulTotalErrCnt,unPdr(percent),unPer(percent)
1,31,23120008,2024052913385149005,1,1,9,101,1,1.5,0x1,0x1,128,2024052913385149636,2022042903043145251,2024052913385149005,-836521977,23120008,23120008,8448,204,0,1,40,0,0,5915,20,20,30,72,100,37.354420,127.118256,74.542616,11501,1,60,144,0xb7d09815,2024052913385150727,2022042902442445451,2024052913385153261,1091,-600699800,4256,-836521982,23120002,23120002,8448,204,1,45058,51330,1,60,89,1,0,0,0,10.726905,37.354500,127.118328,70.803232,0,11501,0,100.000,0.000
1,31,23120008,2024052913385159023,1,1,9,101,1,1.5,0x1,0x1,128,2024052913385159559,2022042903043155272,2024052913385159023,-836521977,23120008,23120008,8448,204,0,1,40,0,0,5915,20,20,30,72,100,37.354420,127.118264,74.548216,11502,2,5,144,0x5ce50716,2024052913385160407,2022042902442455132,2024052913385162329,848,-600700140,3306,-836521982,23120002,23120002,8448,204,1,45058,51330,1,0,89,1,0,0,0,10.343770,37.354500,127.118328,70.808480,0,11502,0,100.000,0.000
1,31,23120008,2024052913385169039,1,1,9,101,1,1.5,0x1,0x1,128,2024052913385169679,2022042903043165287,2024052913385169039,-836521977,23120008,23120008,8448,204,0,1,40,0,0,5915,20,20,30,72,100,37.354420,127.118264,74.533064,11503,3,5,144,0x42eec82e,2024052913385170661,2022042902442465382,2024052913385173413,982,-600699905,4374,-836521982,23120002,23120002,8448,204,1,45058,51330,1,0,89,1,0,0,0,10.343770,37.354500,127.118328,70.802952,0,11503,0,100.000,0.000
1,31,23120008,2024052913385179052,1,1,9,101,1,1.5,0x1,0x1,128,2024052913385179592,2022042903043175301,2024052913385179052,-836521977,23120008,23120008,8448,204,0,1,40,0,0,5915,20,20,30,72,100,37.354420,127.118264,74.541344,11504,4,5,144,0x9bd642fe,2024052913385180256,2022042902442474980,2024052913385182481,664,-600700321,3429,-836521982,23120002,23120002,8448,204,1,45058,51330,1,0,89,1,0,0,0,10.343770,37.354500,127.118328,70.807920,0,11504,0,100.000,0.000
1,31,23120008,2024052913385189067,1,1,9,101,1,1.5,0x1,0x1,128,2024052913385189606,2022042903043185318,2024052913385189067,-836521977,23120008,23120008,8448,204,0,1,40,0,0,5915,20,20,30,72,100,37.354420,127.118264,74.548480,11505,5,5,144,0x926e4a60,2024052913385190017,2022042902442484739,2024052913385192554,411,-600700579,3487,-836521982,23120002,23120002,8448,204,1,45058,51330,1,0,89,1,0,0,0,10.343770,37.354500,127.118328,70.793328,0,11505,0,100.000,0.000
1,31,23120008,2024052913385199083,1,1,9,101,1,1.5,0x1,0x1,128,2024052913385199657,2022042903043195335,2024052913385199083,-836521977,23120008,23120008,8448,204,0,1,40,0,0,5915,20,20,30,72,100,37.354420,127.118264,74.536048,11506,6,5,144,0x8184cedb,2024052913385200557,2022042902442495281,2024052913385202631,900,-600700054,3548,-836521982,23120002,23120002,8448,204,1,45058,51330,1,0,89,1,0,0,0,10.343770,37.354500,127.118328,70.796656,0,11506,0,100.000,0.000
1,31,23120008,2024052913385209099,1,1,9,101,1,1.5,0x1,0x1,128,2024052913385209718,2022042903043205351,2024052913385209099,-836521977,23120008,23120008,8448,204,0,1,40,0,0,5915,20,20,30,72,100,37.354420,127.118264,74.542688,11507,7,5,144,0xa575eb83,2024052913385210060,2022042902442504785,2024052913385212706,342,-600700566,3607,-836521982,23120002,23120002,8448,204,1,45058,51330,1,0,89,1,0,0,0,10.343770,37.354500,127.118328,70.785208,0,11507,0,100.000,0.000
1,31,23120008,2024052913385219116,1,1,9,101,1,1.5,0x1,0x1,128,2024052913385219752,2022042903043215366,2024052913385219116,-836521977,23120008,23120008,8448,204,0,1,40,0,0,5915,20,20,30,72,100,37.354420,127.118264,74.533352,11508,8,5,144,0xe6dcb38b,2024052913385220257,2022042902442514987,2024052913385222780,505,-600700379,3664,-836521982,23120002,23120002,8448,204,1,45058,51330,1,0,89,1,0,0,0,10.343770,37.354500,127.118328,70.782984,0,11508,0,100.000,0.000
1,31,23120008,2024052913385229132,1,1,9,101,1,1.5,0x1,0x1,128,2024052913385229701,2022042903043225385,2024052913385229132,-836521977,23120008,23120008,8448,204,0,1,40,0,0,5915,20,20,30,72,100,37.354420,127.118264,74.543984,11509,9,5,144,0xce60deb2,2024052913385230510,2022042902442525234,2024052913385232851,809,-600700151,3719,-836521982,23120002,23120002,8448,204,1,45058,51330,1,0,89,1,0,0,0,10.343770,37.354500,127.118328,70.786000,0,11509,0,100.000,0.000
1,31,23120008,2024052913385239148,1,1,9,101,1,1.5,0x1,0x1,128,2024052913385239705,2022042903043235398,2024052913385239148,-836521977,23120008,23120008,8448,204,0,1,40,0,0,5915,20,20,30,72,100,37.354420,127.118264,74.550936,11510,10,5,144,0x443a669f,2024052913385240406,2022042902442535128,2024052913385242926,701,-600700270,3778,-836521982,23120002,23120002,8448,204,1,45058,51330,1,0,89,1,0,0,0,10.343770,37.354500,127.118328,70.793064,0,11510,0,100.000,0.000
1,31,23120008,2024052913385249162,1,1,9,101,1,1.5,0x1,0x1,128,2024052913385249687,2022042903043245415,2024052913385249162,-836521977,23120008,23120008,8448,204,0,1,40,0,0,5915,20,20,30,72,100,37.354420,127.118264,74.544568,11511,11,5,144,0xd0dd223f,2024052913385250127,2022042902442544849,2024052913385251992,440,-600700566,2830,-836521982,23120002,23120002,8448,204,1,45058,51330,1,0,89,1,0,0,0,10.343770,37.354500,127.118328,70.797936,0,11511,0,100.000,0.000
1,31,23120008,2024052913385259175,1,1,9,101,1,1.5,0x1,0x1,128,2024052913385259749,2022042903043255429,2024052913385259175,-836521977,23120008,23120008,8448,204,0,1,40,0,0,5915,20,20,30,72,100,37.354420,127.118264,74.553352,11512,12,2,144,0x415be50,2024052913385260063,2022042902442554787,2024052913385262064,314,-600700642,2889,-836521982,23120002,23120002,8448,204,1,45058,51330,1,0,89,1,0,0,0,10.343770,37.354500,127.118328,70.796400,0,11512,0,100.000,0.000
1,31,23120008,2024052913385269188,1,1,9,101,1,1.5,0x1,0x1,128,2024052913385269773,2022042903043265444,2024052913385269188,-836521977,23120008,23120008,8448,204,0,1,40,0,0,5915,20,20,30,72,100,37.354420,127.118264,74.542424,11513,13,2,144,0xb433d204,2024052913385270416,2022042902442565146,2024052913385273143,643,-600700298,3955,-836521982,23120002,23120002,8448,204,1,45058,51330,1,0,89,1,0,0,0,10.343770,37.354500,127.118328,70.796664,0,11513,0,100.000,0.000
1,31,23120008,2024052913385279204,1,1,9,101,1,1.5,0x1,0x1,128,2024052913385279800,2022042903043275466,2024052913385279204,-836521977,23120008,23120008,8448,204,0,1,40,0,0,5915,20,20,30,72,100,37.354420,127.118264,74.548992,11514,14,2,144,0xbb141000,2024052913385280707,2022042902442575434,2024052913385283219,907,-600700032,4015,-836521982,23120002,23120002,8448,204,1,45058,51330,1,0,89,1,0,0,0,10.343770,37.354500,127.118328,70.803592,0,11514,0,100.000,0.000
1,31,23120008,2024052913385289216,1,1,9,101,1,1.5,0x1,0x1,128,2024052913385289757,2022042903043285469,2024052913385289216,-836521977,23120008,23120008,8448,204,0,1,40,0,0,5915,20,20,30,72,100,37.354420,127.118264,74.554664,11515,15,2,144,0xf4e3b764,2024052913385290661,2022042902442585389,2024052913385293298,904,-600700080,4082,-836521982,23120002,23120002,8448,204,1,45058,51330,1,0,89,1,0,0,0,10.343770,37.354500,127.118328,70.803688,0,11515,0,100.000,0.000
1,31,23120008,2024052913385299229,1,1,9,101,1,1.5,0x1,0x1,128,2024052913385299774,2022042903043295487,2024052913385299229,-836521977,23120008,23120008,8448,204,0,1,40,0,0,5915,20,20,30,72,100,37.354420,127.118264,74.546560,11516,16,2,144,0x1dc6d05e,2024052913385300756,2022042902442595483,2024052913385303376,982,-600700004,4147,-836521982,23120002,23120002,8448,204,1,45058,51330,1,0,89,1,0,0,0,10.343770,37.354500,127.118328,70.802872,0,11516,0,100.000,0.000
1,31,23120008,2024052913385309242,1,1,9,101,1,1.5,0x1,0x1,128,2024052913385309790,2022042903043305505,2024052913385309242,-836521977,23120008,23120008,8448,204,0,1,40,0,0,5915,20,20,30,72,100,37.354420,127.118264,74.552856,11517,17,2,144,0x23648a1c,2024052913385310309,2022042902442605032,2024052913385312445,519,-600700473,3203,-836521982,23120002,23120002,8448,204,1,45058,51330,1,0,89,1,0,0,0,10.343770,37.354500,127.118328,70.802936,0,11517,0,100.000,0.000
1,31,23120008,2024052913385319256,1,1,9,101,1,1.5,0x1,0x1,128,2024052913385319812,2022042903043315510,2024052913385319256,-836521977,23120008,23120008,8448,204,0,1,40,0,0,5915,20,20,30,72,100,37.354420,127.118264,74.539448,11518,18,2,144,0xcb5a6109,2024052913385320859,2022042902442615582,2024052913385323531,1047,-600699928,4275,-836521982,23120002,23120002,8448,204,1,45058,51330,1,0,89,1,0,0,0,10.343770,37.354500,127.118328,70.804088,0,11518,0,100.000,0.000
1,31,23120008,2024052913385329269,1,1,9,101,1,1.5,0x1,0x1,128,2024052913385329828,2022042903043325526,2024052913385329269,-836521977,23120008,23120008,8448,204,0,1,40,0,0,5915,20,20,30,72,100,37.354420,127.118264,74.550168,11519,19,2,144,0x4ffa712,2024052913385330462,2022042902442625186,2024052913385332596,634,-600700340,3327,-836521982,23120002,23120002,8448,204,1,45058,51330,1,0,89,1,0,0,0,10.343770,37.354500,127.118328,70.804696,0,11519,0,100.000,0.000
1,31,23120008,2024052913385339284,1,1,9,101,1,1.5,0x1,0x1,128,2024052913385339836,2022042903043335541,2024052913385339284,-836521977,23120008,23120008,8448,204,0,1,40,0,0,5915,20,20,30,72,100,37.354420,127.118264,74.554664,11520,20,2,144,0xcae9ef4c,2024052913385340208,2022042902442634934,2024052913385342671,372,-600700607,3387,-836521982,23120002,23120002,8448,204,1,45058,51330,1,0,89,1,0,0,0,10.343770,37.354500,127.118328,70.801600,0,11520,0,100.000,0.000
1,31,23120008,2024052913385349300,1,1,9,101,1,1.5,0x1,0x1,128,2024052913385349840,2022042903043345557,2024052913385349300,-836521977,23120008,23120008,8448,204,0,1,40,0,0,5915,20,20,30,72,100,37.354420,127.118264,74.546568,11521,21,2,144,0xfa391030,2024052913385350077,2022042902442644802,2024052913385352773,237,-600700755,3473,-836521982,23120002,23120002,8448,204,1,45058,51330,1,0,89,1,0,0,0,10.343770,37.354500,127.118328,70.800840,0,11521,0,100.000,0.000
1,31,23120008,2024052913385359317,1,1,9,101,1,1.5,0x1,0x1,128,2024052913385359870,2022042903043355574,2024052913385359317,-836521977,23120008,23120008,8448,204,0,1,40,0,0,5915,20,20,30,72,100,37.354420,127.118264,74.552488,11522,22,2,144,0x310703c6,2024052913385360762,2022042902442655487,2024052913385362852,892,-600700087,3535,-836521982,23120002,23120002,8448,204,1,45058,51330,1,0,89,1,0,0,0,10.343770,37.354500,127.118328,70.799624,0,11522,0,100.000,0.000
1,31,23120008,2024052913385369334,1,1,9,101,1,1.5,0x1,0x1,128,2024052913385369984,2022042903043365589,2024052913385369334,-836521977,23120008,23120008,8448,204,0,1,40,0,0,5915,20,20,30,72,100,37.354420,127.118264,74.539200,11523,23,2,144,0x9cce2056,2024052913385370562,2022042902442665289,2024052913385372929,578,-600700300,3595,-836521982,23120002,23120002,8448,204,1,45058,51330,1,0,89,1,0,0,0,10.343770,37.354500,127.118328,70.798552,0,11523,0,100.000,0.000
1,31,23120008,2024052913385379351,1,1,9,101,1,1.5,0x1,0x1,128,2024052913385379984,2022042903043375605,2024052913385379351,-836521977,23120008,23120008,8448,204,0,1,40,0,0,5915,20,20,30,72,100,37.354420,127.118264,74.546440,11524,24,2,144,0xd5ff4fb3,2024052913385380862,2022042902442675590,2024052913385383006,878,-600700015,3655,-836521982,23120002,23120002,8448,204,1,45058,51330,1,0,89,1,0,0,0,10.343770,37.354500,127.118328,70.799080,0,11524,0,100.000,0.000
1,31,23120008,2024052913385389367,1,1,9,101,1,1.5,0x1,0x1,128,2024052913385389956,2022042903043385626,2024052913385389367,-836521977,23120008,23120008,8448,204,0,1,40,0,0,5915,20,20,30,72,100,37.354420,127.118264,74.553032,11525,25,2,144,0x45256d66,2024052913385390167,2022042902442684892,2024052913385392081,211,-600700734,2714,-836521982,23120002,23120002,8448,204,1,45058,51330,1,0,89,1,0,0,0,10.343770,37.354500,127.118328,70.797392,0,11525,0,100.000,0.000
1,31,23120008,2024052913385399383,1,1,9,101,1,1.5,0x1,0x1,128,2024052913385399926,2022042903043395640,2024052913385399383,-836521977,23120008,23120008,8448,204,0,1,40,0,0,5915,20,20,30,72,100,37.354420,127.118264,74.545608,11526,26,2,144,0x63d8bc3c,2024052913385400554,2022042902442695278,2024052913385403204,628,-600700362,3821,-836521982,23120002,23120002,8448,204,1,45058,51330,1,0,89,1,0,0,0,10.343770,37.354500,127.118328,70.793832,0,11526,0,100.000,0.000
1,31,23120008,2024052913385409396,1,1,9,101,1,1.5,0x1,0x1,128,2024052913385409984,2022042903043405650,2024052913385409396,-836521977,23120008,23120008,8448,204,0,1,40,0,0,5915,20,20,30,72,100,37.354420,127.118264,74.552584,11527,27,2,144,0xe317d654,2024052913385410410,2022042902442705133,2024052913385412297,426,-600700517,2901,-836521982,23120002,23120002,8448,204,1,45058,51330,1,0,89,1,0,0,0,10.343770,37.354500,127.118328,70.797448,0,11527,0,100.000,0.000
1,31,23120008,2024052913385419409,1,1,9,101,1,1.5,0x1,0x1,128,2024052913385419996,2022042903043415666,2024052913385419409,-836521977,23120008,23120008,8448,204,0,1,40,0,0,5915,20,20,30,72,100,37.354420,127.118264,74.544000,11528,28,2,144,0xcf1131d7,2024052913385420557,2022042902442715282,2024052913385422367,561,-600700384,2958,-836521982,23120002,23120002,8448,204,1,45058,51330,1,0,89,1,0,0,0,10.343770,37.354500,127.118328,70.799064,0,11528,0,100.000,0.000
1,31,23120008,2024052913385429423,1,1,9,101,1,1.5,0x1,0x1,128,2024052913385429991,2022042903043425682,2024052913385429423,-836521977,23120008,23120008,8448,204,0,1,40,0,0,5915,20,20,30,72,100,37.354420,127.118264,74.551776,11529,29,2,144,0x25c9b661,2024052913385430366,2022042902442725092,2024052913385432445,375,-600700590,3022,-836521982,23120002,23120002,8448,204,1,45058,51330,1,0,89,1,0,0,0,10.343770,37.354500,127.118328,70.801256,0,11529,0,100.000,0.000
1,31,23120008,2024052913385439439,1,1,9,101,1,1.5,0x1,0x1,128,2024052913385439992,2022042903043435695,2024052913385439439,-836521977,23120008,23120008,8448,204,0,1,40,0,0,5915,20,20,30,72,100,37.354420,127.118264,74.556904,11530,30,2,144,0x9c8793cd,2024052913385441007,2022042902442735735,2024052913385443525,1015,-600699960,4086,-836521982,23120002,23120002,8448,204,1,45058,51330,1,0,89,1,0,0,0,10.343770,37.354500,127.118328,70.804144,0,11530,0,100.000,0.000
1,31,23120008,2024052913385449451,1,1,9,101,1,1.5,0x1,0x1,128,2024052913385449988,2022042903043445709,2024052913385449451,-836521977,23120008,23120008,8448,204,0,1,40,0,0,5915,20,20,30,72,100,37.354420,127.118264,74.546864,11531,31,2,144,0xe307ff0e,2024052913385450628,2022042902442745358,2024052913385452602,640,-600700351,3151,-836521982,23120002,23120002,8448,204,1,45058,51330,1,0,89,1,0,0,0,10.343770,37.354500,127.118328,70.806224,0,11531,0,100.000,0.000
1,31,23120008,2024052913385459466,1,1,9,101,1,1.5,0x1,0x1,128,2024052913385459991,2022042903043455725,2024052913385459466,-836521977,23120008,23120008,8448,204,0,1,40,0,0,5915,20,20,30,72,100,37.354420,127.118264,74.557032,11532,32,0,144,0xb75e5a49,2024052913385460665,2022042902442755393,2024052913385462662,674,-600700332,3196,-836521982,23120002,23120002,8448,204,1,45058,51330,1,0,89,1,0,0,0,10.343770,37.354500,127.118328,70.805664,0,11532,0,100.000,0.000
1,31,23120008,2024052913385469479,1,1,9,101,1,1.5,0x1,0x1,128,2024052913385469999,2022042903043465738,2024052913385469479,-836521977,23120008,23120008,8448,204,0,1,40,0,0,5915,20,20,30,72,100,37.354420,127.118264,74.546936,11533,33,0,144,0x967eac77,2024052913385470859,2022042902442765589,2024052913385472748,860,-600700149,3269,-836521982,23120002,23120002,8448,204,1,45058,51330,1,0,89,1,0,0,0,10.343770,37.354500,127.118328,70.802832,0,11533,0,100.000,0.000
1,31,23120008,2024052913385479492,1,1,9,101,1,1.5,0x1,0x1,128,2024052913385480128,2022042903043475751,2024052913385479492,-836521977,23120008,23120008,8448,204,0,1,40,0,0,5915,20,20,30,72,100,37.354420,127.118264,74.557984,11534,34,0,144,0xe1568d60,2024052913385480757,2022042902442775486,2024052913385482840,629,-600700265,3348,-836521982,23120002,23120002,8448,204,1,45058,51330,1,0,89,1,0,0,0,10.343770,37.354500,127.118328,70.795576,0,11534,0,100.000,0.000
1,31,23120008,2024052913385489505,1,1,9,101,1,1.5,0x1,0x1,128,2024052913385490144,2022042903043485765,2024052913385489505,-836521977,23120008,23120008,8448,204,0,1,40,0,0,5915,20,20,30,72,100,37.354420,127.118264,74.563488,11535,35,0,144,0xaa79079c,2024052913385490939,2022042902442785666,2024052913385492914,795,-600700099,3409,-836521982,23120002,23120002,8448,204,1,45058,51330,1,0,89,1,0,0,0,10.343770,37.354500,127.118328,70.790640,0,11535,0,100.000,0.000
1,31,23120008,2024052913385499518,1,1,9,101,1,1.5,0x1,0x1,128,2024052913385500062,2022042903043495777,2024052913385499518,-836521977,23120008,23120008,8448,204,0,1,40,0,0,5915,20,20,30,72,100,37.354420,127.118264,74.552752,11536,36,0,144,0xb8f1e3ee,2024052913385500403,2022042902442795130,2024052913385502971,341,-600700647,3453,-836521982,23120002,23120002,8448,204,1,45058,51330,1,0,89,1,0,0,0,10.343770,37.354500,127.118328,70.789744,0,11536,0,100.000,0.000
1,31,23120008,2024052913385509530,1,1,9,101,1,1.5,0x1,0x1,128,2024052913385510100,2022042903043505792,2024052913385509530,-836521977,23120008,23120008,8448,204,0,1,40,0,0,5915,20,20,30,72,100,37.354420,127.118264,74.566656,11537,37,0,144,0x501fc524,2024052913385511160,2022042902442805889,2024052913385513057,1060,-600699903,3527,-836521982,23120002,23120002,8448,204,1,45058,51330,1,0,89,1,0,0,0,10.343770,37.354500,127.118328,70.785080,0,11537,0,100.000,0.000
1,31,23120008,2024052913385519544,1,1,9,101,1,1.5,0x1,0x1,128,2024052913385520104,2022042903043515806,2024052913385519544,-836521977,23120008,23120008,8448,204,0,1,40,0,0,5915,20,20,30,72,100,37.354420,127.118264,74.573104,11538,38,0,144,0xbe360153,2024052913385521107,2022042902442815836,2024052913385523127,1003,-600699970,3583,-836521982,23120002,23120002,8448,204,1,45058,51330,1,0,89,1,0,0,0,10.343770,37.354500,127.118328,70.782416,0,11538,0,100.000,0.000
1,31,23120008,2024052913385529557,1,1,9,101,1,1.5,0x1,0x1,128,2024052913385530137,2022042903043525819,2024052913385529557,-836521977,23120008,23120008,8448,204,0,1,40,0,0,5915,20,20,30,72,100,37.354420,127.118264,74.565144,11539,39,0,144,0xc9514a98,2024052913385530359,2022042902442825085,2024052913385532196,222,-600700734,2639,-836521982,23120002,23120002,8448,204,1,45058,51330,1,0,89,1,0,0,0,10.343770,37.354500,127.118328,70.783600,0,11539,0,100.000,0.000
1,31,23120008,2024052913385539570,1,1,9,101,1,1.5,0x1,0x1,128,2024052913385540164,2022042903043535856,2024052913385539570,-836521977,23120008,23120008,8448,204,0,1,40,0,0,5915,20,20,30,72,100,37.354420,127.118264,74.570056,11540,40,0,144,0x1babff53,2024052913385540854,2022042902442835582,2024052913385543269,690,-600700274,3699,-836521982,23120002,23120002,8448,204,1,45058,51330,1,0,89,1,0,0,0,10.343770,37.354500,127.118328,70.786592,0,11540,0,100.000,0.000
1,31,23120008,2024052913385549581,1,1,9,101,1,1.5,0x1,0x1,128,2024052913385550126,2022042903043545842,2024052913385549581,-836521977,23120008,23120008,8448,204,0,1,40,0,0,5915,20,20,30,72,100,37.354420,127.118264,74.560312,11541,41,0,144,0x41a7ac24,2024052913385550903,2022042902442845631,2024052913385553349,777,-600700211,3768,-836521982,23120002,23120002,8448,204,1,45058,51330,1,0,89,1,0,0,0,10.343770,37.354500,127.118328,70.782048,0,11541,0,100.000,0.000
1,31,23120008,2024052913385559592,1,1,9,101,1,1.5,0x1,0x1,128,2024052913385560138,2022042903043555856,2024052913385559592,-836521977,23120008,23120008,8448,204,0,1,40,0,0,5915,20,20,30,72,100,37.354420,127.118264,74.566848,11542,42,0,144,0x3a8df182,2024052913385560703,2022042902442855432,2024052913385563428,565,-600700424,3836,-836521982,23120002,23120002,8448,204,1,45058,51330,1,0,89,1,0,0,0,10.343770,37.354500,127.118328,70.779120,0,11542,0,100.000,0.000
1,31,23120008,2024052913385569605,1,1,9,101,1,1.5,0x1,0x1,128,2024052913385570137,2022042903043565870,2024052913385569605,-836521977,23120008,23120008,8448,204,0,1,40,0,0,5915,20,20,30,72,100,37.354420,127.118264,74.552128,11543,43,0,144,0x60bbfa85,2024052913385571230,2022042902442865960,2024052913385573487,1093,-600699910,3882,-836521982,23120002,23120002,8448,204,1,45058,51330,1,0,89,1,0,0,0,10.343770,37.354500,127.118328,70.773688,0,11543,0,100.000,0.000
1,31,23120008,2024052913385579621,1,1,9,101,1,1.5,0x1,0x1,128,2024052913385580162,2022042903043575892,2024052913385579621,-836521977,23120008,23120008,8448,204,0,1,40,0,0,5915,20,20,30,72,100,37.354420,127.118264,74.565248,11544,44,0,144,0x313089d1,2024052913385580709,2022042902442875441,2024052913385582568,547,-600700451,2947,-836521982,23120002,23120002,8448,204,1,45058,51330,1,0,89,1,0,0,0,10.343770,37.354500,127.118328,70.769312,0,11544,0,100.000,0.000
1,31,23120008,2024052913385589634,1,1,9,101,1,1.5,0x1,0x1,128,2024052913385590177,2022042903043585903,2024052913385589634,-836521977,23120008,23120008,8448,204,0,1,40,0,0,5915,20,20,30,72,100,37.354420,127.118264,74.570136,11545,45,0,144,0xdf115e28,2024052913385591160,2022042902442885887,2024052913385593642,983,-600700016,4008,-836521982,23120002,23120002,8448,204,1,45058,51330,1,0,89,1,0,0,0,10.343770,37.354500,127.118328,70.770584,0,11545,0,100.000,0.000
1,31,23120008,2024052913385599647,1,1,9,101,1,1.5,0x1,0x1,128,2024052913385600209,2022042903043595925,2024052913385599647,-836521977,23120008,23120008,8448,204,0,1,40,0,0,5915,20,20,30,72,100,37.354420,127.118264,74.561560,11546,46,0,144,0x675d5c35,2024052913385600959,2022042902442895687,2024052913385603723,750,-600700238,4076,-836521982,23120002,23120002,8448,204,1,45058,51330,1,0,89,1,0,0,0,10.343770,37.354500,127.118328,70.767656,0,11546,0,100.000,0.000
1,31,23120008,2024052913385609662,1,1,9,101,1,1.5,0x1,0x1,128,2024052913385610202,2022042903043605931,2024052913385609662,-836521977,23120008,23120008,8448,204,0,1,40,0,0,5915,20,20,30,72,100,37.354420,127.118264,74.570992,11547,47,0,144,0xfa84ede,2024052913385610910,2022042902442905638,2024052913385612798,708,-600700293,3136,-836521982,23120002,23120002,8448,204,1,45058,51330,1,0,89,1,0,0,0,10.343770,37.354500,127.118328,70.768544,0,11547,0,100.000,0.000
1,31,23120008,2024052913385619674,1,1,9,101,1,1.5,0x1,0x1,128,2024052913385620230,2022042903043615958,2024052913385619674,-836521977,23120008,23120008,8448,204,0,1,40,0,0,5915,20,20,30,72,100,37.354420,127.118264,74.555120,11548,48,0,144,0x5a24a483,2024052913385620506,2022042902442915236,2024052913385622878,276,-600700722,3204,-836521982,23120002,23120002,8448,204,1,45058,51330,1,0,89,1,0,0,0,10.343770,37.354500,127.118328,70.769520,0,11548,0,100.000,0.000
1,31,23120008,2024052913385629689,1,1,9,101,1,1.5,0x1,0x1,128,2024052913385630238,2022042903043625955,2024052913385629689,-836521977,23120008,23120008,8448,204,0,1,40,0,0,5915,20,20,30,72,100,37.354420,127.118264,74.570768,11549,49,0,144,0xad7dff73,2024052913385630810,2022042902442925541,2024052913385632972,572,-600700414,3283,-836521982,23120002,23120002,8448,204,1,45058,51330,1,0,89,1,0,0,0,10.343770,37.354500,127.118328,70.766808,0,11549,0,100.000,0.000
1,31,23120008,2024052913385639704,1,1,9,101,1,1.5,0x1,0x1,128,2024052913385640274,2022042903043635975,2024052913385639704,-836521977,23120008,23120008,8448,204,0,1,40,0,0,5915,20,20,30,72,100,37.354420,127.118264,74.576920,11550,50,0,144,0x6fbd813c,2024052913385641223,2022042902442935953,2024052913385643046,949,-600700022,3342,-836521982,23120002,23120002,8448,204,1,45058,51330,1,0,89,1,0,0,0,10.343770,37.354500,127.118328,70.766464,0,11550,0,100.000,0.000
1,31,23120008,2024052913385649718,1,1,9,101,1,1.5,0x1,0x1,128,2024052913385650321,2022042903043645993,2024052913385649718,-836521977,23120008,23120008,8448,204,0,1,40,0,0,5915,20,20,30,72,100,37.354420,127.118264,74.563920,11551,51,0,144,0x5d0af57e,2024052913385650777,2022042902442945508,2024052913385653119,456,-600700485,3401,-836521982,23120002,23120002,8448,204,1,45058,51330,1,0,89,1,0,0,0,10.343770,37.354500,127.118328,70.768944,0,11551,0,100.000,0.000
1,31,23120008,2024052913385659732,1,1,9,101,1,1.5,0x1,0x1,128,2024052913385660280,2022042903043655999,2024052913385659732,-836521977,23120008,23120008,8448,204,0,1,40,0,0,5915,20,20,30,72,100,37.354420,127.118264,74.572272,11552,52,0,144,0xbe0ab8e2,2024052913385661153,2022042902442955884,2024052913385663209,873,-600700115,3477,-836521982,23120002,23120002,8448,204,1,45058,51330,1,0,89,1,0,0,0,10.343770,37.354500,127.118328,70.770968,0,11552,0,100.000,0.000
1,31,23120008,2024052913385669747,1,1,9,101,1,1.5,0x1,0x1,128,2024052913385670389,2022042903043666012,2024052913385669747,-836521977,23120008,23120008,8448,204,0,1,40,0,0,5915,20,20,30,72,100,37.354420,127.118264,74.558392,11553,53,0,144,0x45adb029,2024052913385671054,2022042902442965786,2024052913385673283,665,-600700226,3536,-836521982,23120002,23120002,8448,204,1,45058,51330,1,0,89,1,0,0,0,10.343770,37.354500,127.118328,70.770408,0,11553,0,100.000,0.000
1,31,23120008,2024052913385679761,1,1,9,101,1,1.5,0x1,0x1,128,2024052913385680297,2022042903043676030,2024052913385679761,-836521977,23120008,23120008,8448,204,0,1,40,0,0,5915,20,20,30,72,100,37.354420,127.118264,74.571920,11554,54,0,144,0x721c6dcd,2024052913385680903,2022042902442975634,2024052913385683356,606,-600700396,3595,-836521982,23120002,23120002,8448,204,1,45058,51330,1,0,89,1,0,0,0,10.343770,37.354500,127.118328,70.772480,0,11554,0,100.000,0.000
1,31,23120008,2024052913385689775,1,1,9,101,1,1.5,0x1,0x1,128,2024052913385690422,2022042903043686045,2024052913385689775,-836521977,23120008,23120008,8448,204,0,1,40,0,0,5915,20,20,30,72,100,37.354420,127.118264,74.577056,11555,55,0,144,0x4a5b0499,2024052913385690962,2022042902442985693,2024052913385693457,540,-600700352,3682,-836521982,23120002,23120002,8448,204,1,45058,51330,1,0,89,1,0,0,0,10.343770,37.354500,127.118328,70.773880,0,11555,0,100.000,0.000
1,31,23120008,2024052913385699789,1,1,9,101,1,1.5,0x1,0x1,128,2024052913385700440,2022042903043696076,2024052913385699789,-836521977,23120008,23120008,8448,204,0,1,40,0,0,5915,20,20,30,72,100,37.354420,127.118256,74.565856,11556,56,0,144,0x7613827d,2024052913385701453,2022042902442996182,2024052913385703541,1013,-600699894,3752,-836521982,23120002,23120002,8448,204,1,45058,51330,1,0,89,1,0,0,0,10.726905,37.354500,127.118328,70.778536,0,11556,0,100.000,0.000
1,31,23120008,2024052913385709821,1,1,9,101,1,1.5,0x1,0x1,128,2024052913385710488,2022042903043706116,2024052913385709821,-836521977,23120008,23120008,8448,204,0,1,40,0,0,5915,20,20,30,72,100,37.354420,127.118256,74.573584,11557,57,0,144,0x80754516,2024052913385711065,2022042902443005792,2024052913385713619,577,-600700324,3798,-836521982,23120002,23120002,8448,204,1,45058,51330,1,0,89,1,0,0,0,10.726905,37.354500,127.118328,70.779448,0,11557,0,100.000,0.000
1,31,23120008,2024052913385719837,1,1,9,101,1,1.5,0x1,0x1,128,2024052913385720419,2022042903043716120,2024052913385719837,-836521977,23120008,23120008,8448,204,0,1,40,0,0,5915,20,20,30,72,100,37.354420,127.118256,74.559648,11558,58,0,144,0xdc89015e,2024052913385721272,2022042902443016001,2024052913385723697,853,-600700119,3860,-836521982,23120002,23120002,8448,204,1,45058,51330,1,0,89,1,0,0,0,10.726905,37.354500,127.118328,70.784096,0,11558,0,100.000,0.000
1,31,23120008,2024052913385729849,1,1,9,101,1,1.5,0x1,0x1,128,2024052913385730424,2022042903043726137,2024052913385729849,-836521977,23120008,23120008,8448,204,0,1,40,0,0,5915,20,20,30,72,100,37.354420,127.118256,74.567880,11559,59,0,144,0x5c1398d1,2024052913385731060,2022042902443025791,2024052913385733796,636,-600700346,3947,-836521982,23120002,23120002,8448,204,1,45058,51330,1,0,89,1,0,0,0,10.726905,37.354500,127.118328,70.789240,0,11559,0,100.000,0.000
1,31,23120008,2024052913385739862,1,1,9,101,1,1.5,0x1,0x1,128,2024052913385740466,2022042903043736162,2024052913385739862,-836521977,23120008,23120008,8448,204,0,1,40,0,0,5915,20,20,30,72,100,37.354420,127.118256,74.580736,11560,60,0,144,0xd9f60153,2024052913385740953,2022042902443035683,2024052913385742857,487,-600700479,2995,-836521982,23120002,23120002,8448,204,1,45058,51330,1,0,89,1,0,0,0,10.726905,37.354500,127.118328,70.788240,0,11560,0,100.000,0.000
1,31,23120008,2024052913385749876,1,1,9,101,1,1.5,0x1,0x1,128,2024052913385750430,2022042903043746153,2024052913385749876,-836521977,23120008,23120008,8448,204,0,1,40,0,0,5915,20,20,30,72,100,37.354420,127.118256,74.569136,11561,61,0,144,0x7c730c3e,2024052913385751404,2022042902443046135,2024052913385753931,974,-600700018,4055,-836521982,23120002,23120002,8448,204,1,45058,51330,1,0,89,1,0,0,0,10.726905,37.354500,127.118328,70.790472,0,11561,0,100.000,0.000
1,31,23120008,2024052913385759893,1,1,9,101,1,1.5,0x1,0x1,128,2024052913385760439,2022042903043756165,2024052913385759893,-836521977,23120008,23120008,8448,204,0,1,40,0,0,5915,20,20,30,72,100,37.354420,127.118256,74.581648,11562,62,2,144,0xbfa6960e,2024052913385760803,2022042902443055532,2024052913385763008,364,-600700633,3115,-836521982,23120002,23120002,8448,204,1,45058,51330,1,0,89,1,0,0,0,10.726905,37.354500,127.118328,70.789400,0,11562,0,100.000,0.000
1,31,23120008,2024052913385769905,1,1,9,101,1,1.5,0x1,0x1,128,2024052913385770451,2022042903043766176,2024052913385769905,-836521977,23120008,23120008,8448,204,0,1,40,0,0,5915,20,20,30,72,100,37.354420,127.118256,74.567560,11563,63,2,144,0x4e1fe5b5,2024052913385770958,2022042902443065691,2024052913385773078,507,-600700485,3173,-836521982,23120002,23120002,8448,204,1,45058,51330,1,0,89,1,0,0,0,10.726905,37.354500,127.118328,70.787056,0,11563,0,100.000,0.000
1,31,23120008,2024052913385779918,1,1,9,101,1,1.5,0x1,0x1,128,2024052913385780450,2022042903043776190,2024052913385779918,-836521977,23120008,23120008,8448,204,0,1,40,0,0,5915,20,20,30,72,100,37.354420,127.118256,74.578680,11564,64,2,144,0xc58e0a9f,2024052913385781203,2022042902443075937,2024052913385783152,753,-600700253,3234,-836521982,23120002,23120002,8448,204,1,45058,51330,1,0,89,1,0,0,0,10.726905,37.354500,127.118328,70.786920,0,11564,0,100.000,0.000
1,31,23120008,2024052913385789930,1,1,9,101,1,1.5,0x1,0x1,128,2024052913385790477,2022042903043786201,2024052913385789930,-836521977,23120008,23120008,8448,204,0,1,40,0,0,5915,20,20,30,72,100,37.354420,127.118256,74.583336,11565,65,2,144,0xb74f5c2e,2024052913385790961,2022042902443085693,2024052913385793226,484,-600700508,3296,-836521982,23120002,23120002,8448,204,1,45058,51330,1,0,89,1,0,0,0,10.726905,37.354500,127.118328,70.787072,0,11565,0,100.000,0.000
1,31,23120008,2024052913385799943,1,1,9,101,1,1.5,0x1,0x1,128,2024052913385800591,2022042903043796215,2024052913385799943,-836521977,23120008,23120008,8448,204,0,1,40,0,0,5915,20,20,30,72,100,37.354420,127.118256,74.567784,11566,66,2,144,0xa41c4f39,2024052913385801202,2022042902443095934,2024052913385803300,611,-600700281,3357,-836521982,23120002,23120002,8448,204,1,45058,51330,1,0,89,1,0,0,0,10.726905,37.354500,127.118328,70.788288,0,11566,0,100.000,0.000
1,31,23120008,2024052913385809956,1,1,9,101,1,1.5,0x1,0x1,128,2024052913385810527,2022042903043806233,2024052913385809956,-836521977,23120008,23120008,8448,204,0,1,40,0,0,5915,20,20,30,72,100,37.354420,127.118256,74.577800,11567,67,2,144,0x98f273ec,2024052913385811364,2022042902443106095,2024052913385813375,837,-600700138,3419,-836521982,23120002,23120002,8448,204,1,45058,51330,1,0,89,1,0,0,0,10.726905,37.354500,127.118328,70.791576,0,11567,0,100.000,0.000
1,31,23120008,2024052913385819973,1,1,9,101,1,1.5,0x1,0x1,128,2024052913385820560,2022042903043816250,2024052913385819973,-836521977,23120008,23120008,8448,204,0,1,40,0,0,5915,20,20,30,72,100,37.354420,127.118256,74.560592,11568,68,2,144,0xe9a7cea5,2024052913385821603,2022042902443116336,2024052913385823447,1043,-600699914,3474,-836521982,23120002,23120002,8448,204,1,45058,51330,1,0,89,1,0,0,0,10.726905,37.354500,127.118328,70.798984,0,11568,0,100.000,0.000
1,31,23120008,2024052913385829988,1,1,9,101,1,1.5,0x1,0x1,128,2024052913385830647,2022042903043826263,2024052913385829988,-836521977,23120008,23120008,8448,204,0,1,40,0,0,5915,20,20,30,72,100,37.354420,127.118256,74.571568,11569,69,2,144,0xe000ae2,2024052913385830969,2022042902443125704,2024052913385833550,322,-600700559,3562,-836521982,23120002,23120002,8448,204,1,45058,51330,1,0,89,1,0,0,0,10.726905,37.354500,127.118328,70.796112,0,11569,0,100.000,0.000
1,31,23120008,2024052913385840001,1,1,9,101,1,1.5,0x1,0x1,128,2024052913385840563,2022042903043836274,2024052913385840001,-836521977,23120008,23120008,8448,204,0,1,40,0,0,5915,20,20,30,72,100,37.354420,127.118256,74.579560,11570,70,2,144,0x8f90108c,2024052913385840903,2022042902443135635,2024052913385843623,340,-600700639,3622,-836521982,23120002,23120002,8448,204,1,45058,51330,1,0,89,1,0,0,0,10.726905,37.354500,127.118328,70.795856,0,11570,0,100.000,0.000
1,31,23120008,2024052913385850013,1,1,9,101,1,1.5,0x1,0x1,128,2024052913385850551,2022042903043846288,2024052913385850013,-836521977,23120008,23120008,8448,204,0,1,40,0,0,5915,20,20,30,72,100,37.354416,127.118256,74.565608,11571,71,2,144,0xc89a8e53,2024052913385851158,2022042902443145890,2024052913385853694,607,-600700398,3681,-836521982,23120002,23120002,8448,204,1,45058,51330,1,0,89,1,0,0,0,11.096339,37.354500,127.118328,70.798336,0,11571,0,100.000,0.000
1,31,23120008,2024052913385860025,1,1,9,101,1,1.5,0x1,0x1,128,2024052913385860582,2022042903043856297,2024052913385860025,-836521977,23120008,23120008,8448,204,0,1,40,0,0,5915,20,20,30,72,100,37.354416,127.118256,74.577712,11572,72,1,144,0xb4695efc,2024052913385861508,2022042902443156242,2024052913385863765,926,-600700055,3740,-836521982,23120002,23120002,8448,204,1,45058,51330,1,0,89,1,0,0,0,11.096339,37.354500,127.118328,70.796248,0,11572,0,100.000,0.000
1,31,23120008,2024052913385870038,1,1,9,101,1,1.5,0x1,0x1,128,2024052913385870589,2022042903043866331,2024052913385870038,-836521977,23120008,23120008,8448,204,0,1,40,0,0,5915,20,20,30,72,100,37.354416,127.118256,74.563272,11573,73,1,144,0x1ac94a57,2024052913385870753,2022042902443165488,2024052913385872829,164,-600700843,2791,-836521982,23120002,23120002,8448,204,1,45058,51330,1,0,89,1,0,0,0,11.096339,37.354500,127.118328,70.800672,0,11573,0,100.000,0.000
1,31,23120008,2024052913385880054,1,1,9,101,1,1.5,0x1,0x1,128,2024052913385880654,2022042903043876340,2024052913385880054,-836521977,23120008,23120008,8448,204,0,1,40,0,0,5915,20,20,30,72,100,37.354416,127.118256,74.572080,11574,74,1,144,0xc0d6664e,2024052913385881008,2022042902443175747,2024052913385882900,354,-600700593,2846,-836521982,23120002,23120002,8448,204,1,45058,51330,1,0,89,1,0,0,0,11.096339,37.354500,127.118328,70.804592,0,11574,0,100.000,0.000
1,31,23120008,2024052913385890069,1,1,9,101,1,1.5,0x1,0x1,128,2024052913385890711,2022042903043886343,2024052913385890069,-836521977,23120008,23120008,8448,204,0,1,40,0,0,5915,20,20,30,72,100,37.354416,127.118256,74.579472,11575,75,1,144,0xde8b1e8a,2024052913385891154,2022042902443185889,2024052913385892970,443,-600700454,2901,-836521982,23120002,23120002,8448,204,1,45058,51330,1,0,89,1,0,0,0,11.096339,37.354500,127.118328,70.804440,0,11575,0,100.000,0.000
1,31,23120008,2024052913385900082,1,1,9,101,1,1.5,0x1,0x1,128,2024052913385900653,2022042903043896359,2024052913385900082,-836521977,23120008,23120008,8448,204,0,1,40,0,0,5915,20,20,30,72,100,37.354416,127.118256,74.566920,11576,76,1,144,0xb8767a1a,2024052913385901458,2022042902443196191,2024052913385904036,805,-600700168,3954,-836521982,23120002,23120002,8448,204,1,45058,51330,1,0,89,1,0,0,0,11.096339,37.354500,127.118328,70.810088,0,11576,0,100.000,0.000
1,31,23120008,2024052913385910095,1,1,9,101,1,1.5,0x1,0x1,128,2024052913385910635,2022042903043906373,2024052913385910095,-836521977,23120008,23120008,8448,204,0,1,40,0,0,5915,20,20,30,72,100,37.354416,127.118256,74.578392,11577,77,1,144,0x882a0a13,2024052913385911659,2022042902443206393,2024052913385914135,1024,-600699980,4040,-836521982,23120002,23120002,8448,204,1,45058,51330,1,0,89,1,0,0,0,11.096339,37.354500,127.118328,70.812824,0,11577,0,100.000,0.000
1,31,23120008,2024052913385920107,1,1,9,101,1,1.5,0x1,0x1,128,2024052913385920759,2022042903043916385,2024052913385920107,-836521977,23120008,23120008,8448,204,0,1,40,0,0,5915,20,20,30,72,100,37.354416,127.118256,74.563832,11578,78,1,144,0xe4039462,2024052913385921302,2022042902443216035,2024052913385923203,543,-600700350,3096,-836521982,23120002,23120002,8448,204,1,45058,51330,1,0,89,1,0,0,0,11.096339,37.354500,127.118328,70.818328,0,11578,0,100.000,0.000
1,31,23120008,2024052913385930120,1,1,9,101,1,1.5,0x1,0x1,128,2024052913385930657,2022042903043926398,2024052913385930120,-836521977,23120008,23120008,8448,204,0,1,40,0,0,5915,20,20,30,72,100,37.354416,127.118256,74.574696,11579,79,1,144,0xd52df39b,2024052913385930953,2022042902443225687,2024052913385933277,296,-600700711,3157,-836521982,23120002,23120002,8448,204,1,45058,51330,1,0,89,1,0,0,0,11.096339,37.354500,127.118328,70.817312,0,11579,0,100.000,0.000
1,31,23120008,2024052913385940134,1,1,9,101,1,1.5,0x1,0x1,128,2024052913385940678,2022042903043936418,2024052913385940134,-836521977,23120008,23120008,8448,204,0,1,40,0,0,5915,20,20,30,72,100,37.354416,127.118256,74.582288,11580,80,1,144,0x92a05396,2024052913385941723,2022042902443236456,2024052913385944375,1045,-600699962,4241,-836521982,23120002,23120002,8448,204,1,45058,51330,1,0,89,1,0,0,0,11.096339,37.354500,127.118328,70.818592,0,11580,0,100.000,0.000
1,31,23120008,2024052913385950151,1,1,9,101,1,1.5,0x1,0x1,128,2024052913385950705,2022042903043946430,2024052913385950151,-836521977,23120008,23120008,8448,204,0,1,40,0,0,5915,20,20,30,72,100,37.354416,127.118256,74.568592,11581,81,1,144,0x38d96577,2024052913385951254,2022042902443245986,2024052913385953470,549,-600700444,3319,-836521982,23120002,23120002,8448,204,1,45058,51330,1,0,89,1,0,0,0,11.096339,37.354500,127.118328,70.818992,0,11581,0,100.000,0.000
1,31,23120008,2024052913385960163,1,1,9,101,1,1.5,0x1,0x1,128,2024052913385960748,2022042903043956443,2024052913385960163,-836521977,23120008,23120008,8448,204,0,1,40,0,0,5915,20,20,30,72,100,37.354416,127.118256,74.582256,11582,82,1,144,0x309b0227,2024052913385961020,2022042902443255752,2024052913385963542,272,-600700691,3379,-836521982,23120002,23120002,8448,204,1,45058,51330,1,0,89,1,0,0,0,11.096339,37.354500,127.118328,70.818832,0,11582,0,100.000,0.000
1,31,23120008,2024052913385970175,1,1,9,101,1,1.5,0x1,0x1,128,2024052913385970712,2022042903043966453,2024052913385970175,-836521977,23120008,23120008,8448,204,0,1,40,0,0,5915,20,20,30,72,100,37.354416,127.118256,74.568128,11583,83,1,144,0xf0ee0d5a,2024052913385971171,2022042902443265905,2024052913385973645,459,-600700548,3470,-836521982,23120002,23120002,8448,204,1,45058,51330,1,0,89,1,0,0,0,11.096339,37.354500,127.118328,70.824008,0,11583,0,100.000,0.000
1,31,23120008,2024052913385980204,1,1,9,101,1,1.5,0x1,0x1,128,2024052913385980863,2022042903043976487,2024052913385980204,-836521977,23120008,23120008,8448,204,0,1,40,0,0,5915,20,20,30,72,100,37.354416,127.118256,74.581304,11584,84,1,144,0x29b3963e,2024052913385981803,2022042902443276543,2024052913385983699,940,-600699944,3495,-836521982,23120002,23120002,8448,204,1,45058,51330,1,0,89,1,0,0,0,11.096339,37.354500,127.118328,70.825336,0,11584,0,100.000,0.000
1,31,23120008,2024052913385990220,1,1,9,101,1,1.5,0x1,0x1,128,2024052913385990814,2022042903043986518,2024052913385990220,-836521977,23120008,23120008,8448,204,0,1,40,0,0,5915,20,20,30,72,100,37.354416,127.118256,74.590336,11585,85,1,144,0xe5c5333f,2024052913385991103,2022042902443285837,2024052913385993783,289,-600700681,3563,-836521982,23120002,23120002,8448,204,1,45058,51330,1,0,89,1,0,0,0,11.096339,37.354500,127.118328,70.826704,0,11585,0,100.000,0.000
1,31,23120008,2024052913390000236,1,1,9,101,1,1.5,0x1,0x1,128,2024052913390000776,2022042903043996521,2024052913390000236,-836521977,23120008,23120008,8448,204,0,1,40,0,0,5915,20,20,30,72,100,37.354416,127.118256,74.576424,11586,86,1,144,0x5e3923e,2024052913390001321,2022042902443296058,2024052913390003841,545,-600700463,3605,-836521982,23120002,23120002,8448,204,1,45058,51330,1,0,89,1,0,0,0,11.096339,37.354500,127.118328,70.825056,0,11586,0,100.000,0.000
1,31,23120008,2024052913390010253,1,1,9,101,1,1.5,0x1,0x1,128,2024052913390010793,2022042903044006537,2024052913390010253,-836521977,23120008,23120008,8448,204,0,1,40,0,0,5915,20,20,30,72,100,37.354416,127.118256,74.592320,11587,87,1,144,0x33179944,2024052913390011160,2022042902443305896,2024052913390012941,367,-600700641,2688,-836521982,23120002,23120002,8448,204,1,45058,51330,1,0,89,1,0,0,0,11.096339,37.354500,127.118328,70.822384,0,11587,0,100.000,0.000
1,31,23120008,2024052913390020268,1,1,9,101,1,1.5,0x1,0x1,128,2024052913390020807,2022042903044016547,2024052913390020268,-836521977,23120008,23120008,8448,204,0,1,40,0,0,5915,20,20,30,72,100,37.354416,127.118256,74.578784,11588,88,1,144,0x2cd99465,2024052913390021921,2022042902443316659,2024052913390024034,1114,-600699888,3766,-836521982,23120002,23120002,8448,204,1,45058,51330,1,0,89,1,0,0,0,11.096339,37.354500,127.118328,70.817472,0,11588,0,100.000,0.000
1,31,23120008,2024052913390030280,1,1,9,101,1,1.5,0x1,0x1,128,2024052913390030838,2022042903044026576,2024052913390030280,-836521977,23120008,23120008,8448,204,0,1,40,0,0,5915,20,20,30,72,100,37.354416,127.118256,74.588416,11589,89,1,144,0x81e5bb44,2024052913390031805,2022042902443326542,2024052913390034117,967,-600700034,3837,-836521982,23120002,23120002,8448,204,1,45058,51330,1,0,89,1,0,0,0,11.096339,37.354500,127.118328,70.816072,0,11589,0,100.000,0.000
1,31,23120008,2024052913390040294,1,1,9,101,1,1.5,0x1,0x1,128,2024052913390040870,2022042903044036580,2024052913390040294,-836521977,23120008,23120008,8448,204,0,1,40,0,0,5915,20,20,30,72,100,37.354416,127.118256,74.596096,11590,90,1,144,0xfc99ef66,2024052913390041959,2022042902443336696,2024052913390044182,1089,-600699884,3888,-836521982,23120002,23120002,8448,204,1,45058,51330,1,0,89,1,0,0,0,11.096339,37.354500,127.118328,70.813784,0,11590,0,100.000,0.000
1,31,23120008,2024052913390050310,1,1,9,101,1,1.5,0x1,0x1,128,2024052913390050875,2022042903044046595,2024052913390050310,-836521977,23120008,23120008,8448,204,0,1,40,0,0,5915,20,20,30,72,100,37.354416,127.118256,74.582360,11591,91,1,144,0xaebe6c35,2024052913390051603,2022042902443346340,2024052913390054303,728,-600700255,3993,-836521982,23120002,23120002,8448,204,1,45058,51330,1,0,89,1,0,0,0,11.096339,37.354500,127.118328,70.813784,0,11591,0,100.000,0.000
1,31,23120008,2024052913390060325,1,1,9,101,1,1.5,0x1,0x1,128,2024052913390060946,2022042903044056631,2024052913390060325,-836521977,23120008,23120008,8448,204,0,1,40,0,0,5915,20,20,30,72,100,37.354416,127.118256,74.595504,11592,92,0,144,0xa0ca11c8,2024052913390061853,2022042902443356591,2024052913390064373,907,-600700040,4048,-836521982,23120002,23120002,8448,204,1,45058,51330,1,0,89,1,0,0,0,11.096339,37.354500,127.118328,70.815144,0,11592,0,100.000,0.000
1,31,23120008,2024052913390070341,1,1,9,101,1,1.5,0x1,0x1,128,2024052913390070948,2022042903044066642,2024052913390070341,-836521977,23120008,23120008,8448,204,0,1,40,0,0,5915,20,20,30,72,100,37.354416,127.118256,74.581648,11593,93,0,144,0x232c3933,2024052913390071609,2022042902443366346,2024052913390073429,661,-600700296,3088,-836521982,23120002,23120002,8448,204,1,45058,51330,1,0,89,1,0,0,0,11.096339,37.354500,127.118328,70.814640,0,11593,0,100.000,0.000
1,31,23120008,2024052913390080353,1,1,9,101,1,1.5,0x1,0x1,128,2024052913390080906,2022042903044076640,2024052913390080353,-836521977,23120008,23120008,8448,204,0,1,40,0,0,5915,20,20,30,72,100,37.354416,127.118256,74.595160,11594,94,0,144,0x86e6bb5,2024052913390081709,2022042902443376447,2024052913390083523,803,-600700193,3170,-836521982,23120002,23120002,8448,204,1,45058,51330,1,0,89,1,0,0,0,11.096339,37.354500,127.118328,70.814400,0,11594,0,100.000,0.000
1,31,23120008,2024052913390090364,1,1,9,101,1,1.5,0x1,0x1,128,2024052913390090937,2022042903044086645,2024052913390090364,-836521977,23120008,23120008,8448,204,0,1,40,0,0,5915,20,20,30,72,100,37.354416,127.118256,74.583936,11595,95,0,144,0xfc13657f,2024052913390091553,2022042902443386289,2024052913390093598,616,-600700356,3234,-836521982,23120002,23120002,8448,204,1,45058,51330,1,0,89,1,0,0,0,11.096339,37.354500,127.118328,70.817520,0,11595,0,100.000,0.000
1,31,23120008,2024052913390100390,1,1,9,101,1,1.5,0x1,0x1,128,2024052913390100980,2022042903044096697,2024052913390100390,-836521977,23120008,23120008,8448,204,0,1,40,0,0,5915,20,20,30,72,100,37.354416,127.118256,74.593392,11596,96,0,144,0x9530db8,2024052913390101658,2022042902443396396,2024052913390103655,678,-600700301,3265,-836521982,23120002,23120002,8448,204,1,45058,51330,1,0,89,1,0,0,0,11.096339,37.354500,127.118328,70.821288,0,11596,0,100.000,0.000
1,31,23120008,2024052913390110406,1,1,9,101,1,1.5,0x1,0x1,128,2024052913390110983,2022042903044106713,2024052913390110406,-836521977,23120008,23120008,8448,204,0,1,40,0,0,5915,20,20,30,72,100,37.354416,127.118256,74.603760,11597,97,0,144,0xffeb7429,2024052913390111903,2022042902443406641,2024052913390113742,920,-600700072,3336,-836521982,23120002,23120002,8448,204,1,45058,51330,1,0,89,1,0,0,0,11.096339,37.354500,127.118328,70.822368,0,11597,0,100.000,0.000
1,31,23120008,2024052913390120421,1,1,9,101,1,1.5,0x1,0x1,128,2024052913390121001,2022042903044116707,2024052913390120421,-836521977,23120008,23120008,8448,204,0,1,40,0,0,5915,20,20,30,72,100,37.354416,127.118256,74.589488,11598,98,0,144,0xf78c529,2024052913390121262,2022042902443416000,2024052913390123822,261,-600700707,3401,-836521982,23120002,23120002,8448,204,1,45058,51330,1,0,89,1,0,0,0,11.096339,37.354500,127.118328,70.824984,0,11598,0,100.000,0.000
1,31,23120008,2024052913390130456,1,1,9,101,1,1.5,0x1,0x1,128,2024052913390131067,2022042903044126774,2024052913390130456,-836521977,23120008,23120008,8448,204,0,1,40,0,0,5915,20,20,30,72,100,37.354416,127.118256,74.595624,11599,99,0,144,0xb4ed129f,2024052913390131652,2022042902443426388,2024052913390133897,585,-600700386,3441,-836521982,23120002,23120002,8448,204,1,45058,51330,1,0,89,1,0,0,0,11.096339,37.354500,127.118328,70.826664,0,11599,0,100.000,0.000
1,31,23120008,2024052913390140472,1,1,9,101,1,1.5,0x1,0x1,128,2024052913390141066,2022042903044136786,2024052913390140472,-836521977,23120008,23120008,8448,204,0,1,40,0,0,5915,20,20,30,72,100,37.354416,127.118256,74.588184,11600,100,0,144,0xa1b29368,2024052913390141753,2022042902443436491,2024052913390144002,687,-600700295,3530,-836521982,23120002,23120002,8448,204,1,45058,51330,1,0,89,1,0,0,0,11.096339,37.354500,127.118328,70.828640,0,11600,0,100.000,0.000
1,31,23120008,2024052913390150487,1,1,9,101,1,1.5,0x1,0x1,128,2024052913390151156,2022042903044146778,2024052913390150487,-836521977,23120008,23120008,8448,204,0,1,40,0,0,5915,20,20,30,72,100,37.354416,127.118256,74.596136,11601,1,0,144,0xde133343,2024052913390152009,2022042902443446747,2024052913390154087,853,-600700031,3600,-836521982,23120002,23120002,8448,204,1,45058,51330,1,0,89,1,0,0,0,11.096339,37.354500,127.118328,70.830400,0,11601,0,100.000,0.000
1,31,23120008,2024052913390160503,1,1,9,101,1,1.5,0x1,0x1,128,2024052913390161044,2022042903044156789,2024052913390160503,-836521977,23120008,23120008,8448,204,0,1,40,0,0,5915,20,20,30,72,100,37.354416,127.118256,74.607616,11602,2,0,144,0x7fdf9566,2024052913390161702,2022042902443456440,2024052913390164164,658,-600700349,3661,-836521982,23120002,23120002,8448,204,1,45058,51330,1,0,89,1,0,0,0,11.096339,37.354500,127.118328,70.830120,0,11602,0,100.000,0.000
1,31,23120008,2024052913390170518,1,1,9,101,1,1.5,0x1,0x1,128,2024052913390171064,2022042903044166804,2024052913390170518,-836521977,23120008,23120008,8448,204,0,1,40,0,0,5915,20,20,30,72,100,37.354416,127.118256,74.594416,11603,3,0,144,0x2c2c31a7,2024052913390171903,2022042902443466641,2024052913390174243,839,-600700163,3725,-836521982,23120002,23120002,8448,204,1,45058,51330,1,0,89,1,0,0,0,11.096339,37.354500,127.118328,70.832128,0,11603,0,100.000,0.000
1,31,23120008,2024052913390180532,1,1,9,101,1,1.5,0x1,0x1,128,2024052913390181072,2022042903044176825,2024052913390180532,-836521977,23120008,23120008,8448,204,0,1,40,0,0,5915,20,20,30,72,100,37.354416,127.118256,74.600808,11604,4,0,144,0x960c8fe7,2024052913390181603,2022042902443476344,2024052913390184324,531,-600700481,3792,-836521982,23120002,23120002,8448,204,1,45058,51330,1,0,89,1,0,0,0,11.096339,37.354500,127.118328,70.830888,0,11604,0,100.000,0.000
1,31,23120008,2024052913390190548,1,1,9,101,1,1.5,0x1,0x1,128,2024052913390191087,2022042903044186834,2024052913390190548,-836521977,23120008,23120008,8448,204,0,1,40,0,0,5915,20,20,30,72,100,37.354416,127.118256,74.593504,11605,5,0,144,0x7a5850c6,2024052913390192070,2022042902443486811,2024052913390194404,983,-600700023,3856,-836521982,23120002,23120002,8448,204,1,45058,51330,1,0,89,1,0,0,0,11.096339,37.354500,127.118328,70.830352,0,11605,0,100.000,0.000
1,31,23120008,2024052913390200559,1,1,9,101,1,1.5,0x1,0x1,128,2024052913390201129,2022042903044196860,2024052913390200559,-836521977,23120008,23120008,8448,204,0,1,40,0,0,5915,20,20,30,72,100,37.354416,127.118256,74.601824,11606,6,0,144,0x5c43a4d3,2024052913390201425,2022042902443496168,2024052913390203459,296,-600700692,2900,-836521982,23120002,23120002,8448,204,1,45058,51330,1,0,89,1,0,0,0,11.096339,37.354500,127.118328,70.830464,0,11606,0,100.000,0.000
1,31,23120008,2024052913390210571,1,1,9,101,1,1.5,0x1,0x1,128,2024052913390211144,2022042903044206874,2024052913390210571,-836521977,23120008,23120008,8448,204,0,1,40,0,0,5915,20,20,30,72,100,37.354416,127.118256,74.614096,11607,7,0,144,0xf516a1d6,2024052913390212015,2022042902443506757,2024052913390214564,871,-600700117,3993,-836521982,23120002,23120002,8448,204,1,45058,51330,1,0,89,1,0,0,0,11.096339,37.354500,127.118328,70.833736,0,11607,0,100.000,0.000
1,31,23120008,2024052913390220585,1,1,9,101,1,1.5,0x1,0x1,128,2024052913390221175,2022042903044216902,2024052913390220585,-836521977,23120008,23120008,8448,204,0,1,40,0,0,5915,20,20,30,72,100,37.354416,127.118256,74.600872,11608,8,0,144,0xa0be140b,2024052913390221826,2022042902443516568,2024052913390223638,651,-600700334,3053,-836521982,23120002,23120002,8448,204,1,45058,51330,1,0,89,1,0,0,0,11.096339,37.354500,127.118328,70.834400,0,11608,0,100.000,0.000
1,31,23120008,2024052913390230614,1,1,9,101,1,1.5,0x1,0x1,128,2024052913390231195,2022042903044226919,2024052913390230614,-836521977,23120008,23120008,8448,204,0,1,40,0,0,5915,20,20,30,72,100,37.354416,127.118256,74.606920,11609,9,0,144,0xb2c9f095,2024052913390231404,2022042902443526147,2024052913390233716,209,-600700772,3102,-836521982,23120002,23120002,8448,204,1,45058,51330,1,0,89,1,0,0,0,11.096339,37.354500,127.118328,70.833496,0,11609,0,100.000,0.000
1,31,23120008,2024052913390240629,1,1,9,101,1,1.5,0x1,0x1,128,2024052913390241231,2022042903044236936,2024052913390240629,-836521977,23120008,23120008,8448,204,0,1,40,0,0,5915,20,20,30,72,100,37.354416,127.118256,74.619976,11610,10,0,144,0xa67db62a,2024052913390242003,2022042902443536741,2024052913390243793,772,-600700195,3164,-836521982,23120002,23120002,8448,204,1,45058,51330,1,0,89,1,0,0,0,11.096339,37.354500,127.118328,70.831720,0,11610,0,100.000,0.000
1,31,23120008,2024052913390250643,1,1,9,101,1,1.5,0x1,0x1,128,2024052913390251279,2022042903044246934,2024052913390250643,-836521977,23120008,23120008,8448,204,0,1,40,0,0,5915,20,20,30,72,100,37.354416,127.118256,74.608232,11611,11,0,144,0xaa820f2f,2024052913390252208,2022042902443546951,2024052913390254883,929,-600699983,4240,-836521982,23120002,23120002,8448,204,1,45058,51330,1,0,89,1,0,0,0,11.096339,37.354500,127.118328,70.833400,0,11611,0,100.000,0.000
1,31,23120008,2024052913390260656,1,1,9,101,1,1.5,0x1,0x1,128,2024052913390261226,2022042903044256946,2024052913390260656,-836521977,23120008,23120008,8448,204,0,1,40,0,0,5915,20,20,30,72,100,37.354416,127.118256,74.615032,11612,12,0,144,0xdf1ec61a,2024052913390261504,2022042902443556246,2024052913390263955,278,-600700700,3299,-836521982,23120002,23120002,8448,204,1,45058,51330,1,0,89,1,0,0,0,11.096339,37.354500,127.118328,70.833432,0,11612,0,100.000,0.000
1,31,23120008,2024052913390270669,1,1,9,101,1,1.5,0x1,0x1,128,2024052913390271251,2022042903044266977,2024052913390270669,-836521977,23120008,23120008,8448,204,0,1,40,0,0,5915,20,20,30,72,100,37.354416,127.118256,74.606192,11613,13,0,144,0x80580f37,2024052913390271558,2022042902443566300,2024052913390274031,307,-600700677,3362,-836521982,23120002,23120002,8448,204,1,45058,51330,1,0,89,1,0,0,0,11.096339,37.354500,127.118328,70.834608,0,11613,0,100.000,0.000
1,31,23120008,2024052913390280680,1,1,9,101,1,1.5,0x1,0x1,128,2024052913390281253,2022042903044276975,2024052913390280680,-836521977,23120008,23120008,8448,204,0,1,40,0,0,5915,20,20,30,72,100,37.354416,127.118256,74.610200,11614,14,0,144,0xc968f5fb,2024052913390282053,2022042902443576799,2024052913390284105,800,-600700176,3425,-836521982,23120002,23120002,8448,204,1,45058,51330,1,0,89,1,0,0,0,11.096339,37.354500,127.118328,70.835336,0,11614,0,100.000,0.000
1,31,23120008,2024052913390290694,1,1,9,101,1,1.5,0x1,0x1,128,2024052913390291273,2022042903044286985,2024052913390290694,-836521977,23120008,23120008,8448,204,0,1,40,0,0,5915,20,20,30,72,100,37.354416,127.118256,74.601352,11615,15,0,144,0xe81f5586,2024052913390291804,2022042902443586546,2024052913390294183,531,-600700439,3489,-836521982,23120002,23120002,8448,204,1,45058,51330,1,0,89,1,0,0,0,11.096339,37.354500,127.118328,70.835576,0,11615,0,100.000,0.000
1,31,23120008,2024052913390300707,1,1,9,101,1,1.5,0x1,0x1,128,2024052913390301378,2022042903044296997,2024052913390300707,-836521977,23120008,23120008,8448,204,0,1,40,0,0,5915,20,20,30,72,100,37.354416,127.118256,74.610120,11616,16,0,144,0x71b7e9c3,2024052913390301553,2022042902443596293,2024052913390304245,175,-600700704,3538,-836521982,23120002,23120002,8448,204,1,45058,51330,1,0,89,1,0,0,0,11.096339,37.354500,127.118328,70.836536,0,11616,0,100.000,0.000
1,31,23120008,2024052913390310720,1,1,9,101,1,1.5,0x1,0x1,128,2024052913390311325,2022042903044307013,2024052913390310720,-836521977,23120008,23120008,8448,204,0,1,40,0,0,5915,20,20,30,72,100,37.354416,127.118256,74.619816,11617,17,0,144,0x5a31f950,2024052913390312109,2022042902443606849,2024052913390314340,784,-600700164,3620,-836521982,23120002,23120002,8448,204,1,45058,51330,1,0,89,1,0,0,0,11.096339,37.354500,127.118328,70.837864,0,11617,0,100.000,0.000
1,31,23120008,2024052913390320733,1,1,9,101,1,1.5,0x1,0x1,128,2024052913390321273,2022042903044317024,2024052913390320733,-836521977,23120008,23120008,8448,204,0,1,40,0,0,5915,20,20,30,72,100,37.354416,127.118256,74.607056,11618,18,0,144,0xfe1f632a,2024052913390322203,2022042902443616947,2024052913390324402,930,-600700077,3669,-836521982,23120002,23120002,8448,204,1,45058,51330,1,0,89,1,0,0,0,11.096339,37.354500,127.118328,70.842528,0,11618,0,100.000,0.000
1,31,23120008,2024052913390330746,1,1,9,101,1,1.5,0x1,0x1,128,2024052913390331315,2022042903044327037,2024052913390330746,-836521977,23120008,23120008,8448,204,0,1,40,0,0,5915,20,20,30,72,100,37.354416,127.118256,74.616784,11619,19,0,144,0x68b14bdc,2024052913390331703,2022042902443626446,2024052913390333486,388,-600700591,2740,-836521982,23120002,23120002,8448,204,1,45058,51330,1,0,89,1,0,0,0,11.096339,37.354500,127.118328,70.841784,0,11619,0,100.000,0.000
1,31,23120008,2024052913390340759,1,1,9,101,1,1.5,0x1,0x1,128,2024052913390341329,2022042903044337051,2024052913390340759,-836521977,23120008,23120008,8448,204,0,1,40,0,0,5915,20,20,30,72,100,37.354416,127.118256,74.611416,11620,20,0,144,0x962bed69,2024052913390342203,2022042902443636943,2024052913390344580,874,-600700108,3821,-836521982,23120002,23120002,8448,204,1,45058,51330,1,0,89,1,0,0,0,11.096339,37.354500,127.118328,70.839808,0,11620,0,100.000,0.000
1,31,23120008,2024052913390350772,1,1,9,101,1,1.5,0x1,0x1,128,2024052913390351327,2022042903044347066,2024052913390350772,-836521977,23120008,23120008,8448,204,0,1,40,0,0,5915,20,20,30,72,100,37.354416,127.118256,74.613960,11621,21,0,144,0x6c4ccfa3,2024052913390351503,2022042902443646245,2024052913390353659,176,-600700821,2887,-836521982,23120002,23120002,8448,204,1,45058,51330,1,0,89,1,0,0,0,11.096339,37.354500,127.118328,70.838504,0,11621,0,100.000,0.000
1,31,23120008,2024052913390360822,1,1,9,101,1,1.5,0x1,0x1,128,2024052913390361374,2022042903044357121,2024052913390360822,-836521977,23120008,23120008,8448,204,0,1,40,0,0,5915,20,20,30,72,100,37.354416,127.118256,74.619952,11622,22,0,144,0x60779698,2024052913390362220,2022042902443656964,2024052913390364755,846,-600700157,3933,-836521982,23120002,23120002,8448,204,1,45058,51330,1,0,89,1,0,0,0,11.096339,37.354500,127.118328,70.837600,0,11622,0,100.000,0.000
1,31,23120008,2024052913390370839,1,1,9,101,1,1.5,0x1,0x1,128,2024052913390371414,2022042903044367152,2024052913390370839,-836521977,23120008,23120008,8448,204,0,1,40,0,0,5915,20,20,30,72,100,37.354416,127.118256,74.608656,11623,23,0,144,0x2d556550,2024052913390372303,2022042902443667046,2024052913390374832,889,-600700106,3993,-836521982,23120002,23120002,8448,204,1,45058,51330,1,0,89,1,0,0,0,11.096339,37.354500,127.118328,70.837320,0,11623,0,100.000,0.000
1,31,23120008,2024052913390380857,1,1,9,101,1,1.5,0x1,0x1,128,2024052913390381438,2022042903044377168,2024052913390380857,-836521977,23120008,23120008,8448,204,0,1,40,0,0,5915,20,20,30,72,100,37.354416,127.118256,74.617592,11624,24,0,144,0xb807e028,2024052913390382159,2022042902443676906,2024052913390384919,721,-600700262,4062,-836521982,23120002,23120002,8448,204,1,45058,51330,1,0,89,1,0,0,0,11.096339,37.354500,127.118328,70.838192,0,11624,0,100.000,0.000
1,31,23120008,2024052913390390870,1,1,9,101,1,1.5,0x1,0x1,128,2024052913390391472,2022042903044387192,2024052913390390870,-836521977,23120008,23120008,8448,204,0,1,40,0,0,5915,20,20,30,72,100,37.354416,127.118256,74.626888,11625,25,0,144,0x3a4e384e,2024052913390391709,2022042902443686451,2024052913390393992,237,-600700741,3122,-836521982,23120002,23120002,8448,204,1,45058,51330,1,0,89,1,0,0,0,11.096339,37.354500,127.118328,70.836984,0,11625,0,100.000,0.000
1,31,23120008,2024052913390400886,1,1,9,101,1,1.5,0x1,0x1,128,2024052913390401485,2022042903044397199,2024052913390400886,-836521977,23120008,23120008,8448,204,0,1,40,0,0,5915,20,20,30,72,100,37.354416,127.118256,74.615304,11626,26,0,144,0xfcf6d518,2024052913390402003,2022042902443696747,2024052913390404063,518,-600700452,3177,-836521982,23120002,23120002,8448,204,1,45058,51330,1,0,89,1,0,0,0,11.096339,37.354500,127.118328,70.838208,0,11626,0,100.000,0.000
1,31,23120008,2024052913390410917,1,1,9,101,1,1.5,0x1,0x1,128,2024052913390411535,2022042903044407232,2024052913390410917,-836521977,23120008,23120008,8448,204,0,1,40,0,0,5915,20,20,30,72,100,37.354416,127.118256,74.618656,11627,27,0,144,0x4366126b,2024052913390412502,2022042902443707247,2024052913390415165,967,-600699985,4248,-836521982,23120002,23120002,8448,204,1,45058,51330,1,0,89,1,0,0,0,11.096339,37.354500,127.118328,70.828296,0,11627,0,100.000,0.000
1,31,23120008,2024052913390420934,1,1,9,101,1,1.5,0x1,0x1,128,2024052913390421516,2022042903044417247,2024052913390420934,-836521977,23120008,23120008,8448,204,0,1,40,0,0,5915,20,20,30,72,100,37.354416,127.118256,74.610680,11628,28,0,144,0xd1a02c88,2024052913390422102,2022042902443716844,2024052913390424216,586,-600700403,3282,-836521982,23120002,23120002,8448,204,1,45058,51330,1,0,89,1,0,0,0,11.096339,37.354500,127.118328,70.829864,0,11628,0,100.000,0.000
1,31,23120008,2024052913390430948,1,1,9,101,1,1.5,0x1,0x1,128,2024052913390431530,2022042903044427260,2024052913390430948,-836521977,23120008,23120008,8448,204,0,1,40,0,0,5915,20,20,30,72,100,37.354416,127.118256,74.614344,11629,29,0,144,0x8534a64e,2024052913390431753,2022042902443726496,2024052913390434308,223,-600700764,3360,-836521982,23120002,23120002,8448,204,1,45058,51330,1,0,89,1,0,0,0,11.096339,37.354500,127.118328,70.828472,0,11629,0,100.000,0.000
1,31,23120008,2024052913390440961,1,1,9,101,1,1.5,0x1,0x1,128,2024052913390441546,2022042903044437285,2024052913390440961,-836521977,23120008,23120008,8448,204,0,1,40,0,0,5915,20,20,30,72,100,37.354416,127.118256,74.626280,11630,30,0,144,0xa2a83e50,2024052913390442158,2022042902443736902,2024052913390444383,612,-600700383,3422,-836521982,23120002,23120002,8448,204,1,45058,51330,1,0,89,1,0,0,0,11.096339,37.354500,127.118328,70.826264,0,11630,0,100.000,0.000
1,31,23120008,2024052913390450978,1,1,9,101,1,1.5,0x1,0x1,128,2024052913390451592,2022042903044447293,2024052913390450978,-836521977,23120008,23120008,8448,204,0,1,40,0,0,5915,20,20,30,72,100,37.354416,127.118256,74.615344,11631,31,0,144,0x438b2e58,2024052913390452603,2022042902443747346,2024052913390454450,1011,-600699947,3472,-836521982,23120002,23120002,8448,204,1,45058,51330,1,0,89,1,0,0,0,11.096339,37.354500,127.118328,70.829152,0,11631,0,100.000,0.000
1,31,23120008,2024052913390460991,1,1,9,101,1,1.5,0x1,0x1,128,2024052913390461603,2022042903044457305,2024052913390460991,-836521977,23120008,23120008,8448,204,0,1,40,0,0,5915,20,20,30,72,100,37.354416,127.118256,74.618760,11632,32,0,144,0x95c0767,2024052913390462120,2022042902443756864,2024052913390464545,517,-600700441,3554,-836521982,23120002,23120002,8448,204,1,45058,51330,1,0,89,1,0,0,0,11.096339,37.354500,127.118328,70.827024,0,11632,0,100.000,0.000
1,31,23120008,2024052913390471004,1,1,9,101,1,1.5,0x1,0x1,128,2024052913390471618,2022042903044467317,2024052913390471004,-836521977,23120008,23120008,8448,204,0,1,40,0,0,5915,20,20,30,72,100,37.354416,127.118256,74.610736,11633,33,0,144,0x303fed06,2024052913390472159,2022042902443766905,2024052913390474623,541,-600700412,3619,-836521982,23120002,23120002,8448,204,1,45058,51330,1,0,89,1,0,0,0,11.096339,37.354500,127.118328,70.832360,0,11633,0,100.000,0.000
1,31,23120008,2024052913390481016,1,1,9,101,1,1.5,0x1,0x1,128,2024052913390481640,2022042903044477342,2024052913390481016,-836521977,23120008,23120008,8448,204,0,1,40,0,0,5915,20,20,30,72,100,37.354416,127.118256,74.619608,11634,34,0,144,0xc0db215b,2024052913390482208,2022042902443776962,2024052913390484700,568,-600700380,3684,-836521982,23120002,23120002,8448,204,1,45058,51330,1,0,89,1,0,0,0,11.096339,37.354500,127.118328,70.834800,0,11634,0,100.000,0.000
1,31,23120008,2024052913390491029,1,1,9,101,1,1.5,0x1,0x1,128,2024052913390491648,2022042903044487353,2024052913390491029,-836521977,23120008,23120008,8448,204,0,1,40,0,0,5915,20,20,30,72,100,37.354416,127.118256,74.610208,11635,35,0,144,0x9c3766ab,2024052913390492358,2022042902443787105,2024052913390494778,710,-600700248,3749,-836521982,23120002,23120002,8448,204,1,45058,51330,1,0,89,1,0,0,0,11.096339,37.354500,127.118328,70.836752,0,11635,0,100.000,0.000
1,31,23120008,2024052913390501042,1,1,9,101,1,1.5,0x1,0x1,128,2024052913390501657,2022042903044497357,2024052913390501042,-836521977,23120008,23120008,8448,204,0,1,40,0,0,5915,20,20,30,72,100,37.354416,127.118256,74.614632,11636,36,0,144,0x8cc8bd08,2024052913390502553,2022042902443797298,2024052913390504858,896,-600700059,3816,-836521982,23120002,23120002,8448,204,1,45058,51330,1,0,89,1,0,0,0,11.096339,37.354500,127.118328,70.835840,0,11636,0,100.000,0.000
1,31,23120008,2024052913390511055,1,1,9,101,1,1.5,0x1,0x1,128,2024052913390511680,2022042903044507371,2024052913390511055,-836521977,23120008,23120008,8448,204,0,1,40,0,0,5915,20,20,30,72,100,37.354416,127.118256,74.622272,11637,37,0,144,0x22883839,2024052913390512058,2022042902443806801,2024052913390513929,378,-600700570,2874,-836521982,23120002,23120002,8448,204,1,45058,51330,1,0,89,1,0,0,0,11.096339,37.354500,127.118328,70.834888,0,11637,0,100.000,0.000
1,31,23120008,2024052913390521068,1,1,9,101,1,1.5,0x1,0x1,128,2024052913390521695,2022042903044517411,2024052913390521068,-836521977,23120008,23120008,8448,204,0,1,40,0,0,5915,20,20,30,72,100,37.354416,127.118256,74.616208,11638,38,0,144,0x8e1d93a8,2024052913390522421,2022042902443817166,2024052913390525014,726,-600700245,3946,-836521982,23120002,23120002,8448,204,1,45058,51330,1,0,89,1,0,0,0,11.096339,37.354500,127.118328,70.836880,0,11638,0,100.000,0.000
1,31,23120008,2024052913390531081,1,1,9,101,1,1.5,0x1,0x1,128,2024052913390531745,2022042903044527437,2024052913390531081,-836521977,23120008,23120008,8448,204,0,1,40,0,0,5915,20,20,30,72,100,37.354416,127.118256,74.618904,11639,39,0,144,0x17bb0b64,2024052913390532154,2022042902443826899,2024052913390534082,409,-600700538,3001,-836521982,23120002,23120002,8448,204,1,45058,51330,1,0,89,1,0,0,0,11.096339,37.354500,127.118328,70.839448,0,11639,0,100.000,0.000
1,31,23120008,2024052913390541114,1,1,9,101,1,1.5,0x1,0x1,128,2024052913390541697,2022042903044537437,2024052913390541114,-836521977,23120008,23120008,8448,204,0,1,40,0,0,5915,20,20,30,72,100,37.354416,127.118256,74.610120,11640,40,0,144,0x6c720760,2024052913390542103,2022042902443836846,2024052913390544158,406,-600700591,3044,-836521982,23120002,23120002,8448,204,1,45058,51330,1,0,89,1,0,0,0,11.096339,37.354500,127.118328,70.839080,0,11640,0,100.000,0.000
1,31,23120008,2024052913390551131,1,1,9,101,1,1.5,0x1,0x1,128,2024052913390551768,2022042903044547451,2024052913390551131,-836521977,23120008,23120008,8448,204,0,1,40,0,0,5915,20,20,30,72,100,37.354416,127.118256,74.617920,11641,41,0,144,0xcb44e295,2024052913390552358,2022042902443847102,2024052913390554241,590,-600700349,3110,-836521982,23120002,23120002,8448,204,1,45058,51330,1,0,89,1,0,0,0,11.096339,37.354500,127.118328,70.840096,0,11641,0,100.000,0.000
1,31,23120008,2024052913390561145,1,1,9,101,1,1.5,0x1,0x1,128,2024052913390561715,2022042903044557464,2024052913390561145,-836521977,23120008,23120008,8448,204,0,1,40,0,0,5915,20,20,30,72,100,37.354416,127.118256,74.623552,11642,42,0,144,0x6fb7bab8,2024052913390562470,2022042902443857214,2024052913390564316,755,-600700250,3171,-836521982,23120002,23120002,8448,204,1,45058,51330,1,0,89,1,0,0,0,11.096339,37.354500,127.118328,70.840816,0,11642,0,100.000,0.000
1,31,23120008,2024052913390571161,1,1,9,101,1,1.5,0x1,0x1,128,2024052913390571766,2022042903044567492,2024052913390571161,-836521977,23120008,23120008,8448,204,0,1,40,0,0,5915,20,20,30,72,100,37.354416,127.118256,74.613920,11643,43,0,144,0x10f5a11f,2024052913390572158,2022042902443866904,2024052913390574399,392,-600700588,3238,-836521982,23120002,23120002,8448,204,1,45058,51330,1,0,89,1,0,0,0,11.096339,37.354500,127.118328,70.845216,0,11643,0,100.000,0.000
1,31,23120008,2024052913390581177,1,1,9,101,1,1.5,0x1,0x1,128,2024052913390581760,2022042903044577513,2024052913390581177,-836521977,23120008,23120008,8448,204,0,1,40,0,0,5915,20,20,30,72,100,37.354416,127.118256,74.616224,11644,44,0,144,0xe82cdb5b,2024052913390582852,2022042902443877604,2024052913390585483,1092,-600699909,4306,-836521982,23120002,23120002,8448,204,1,45058,51330,1,0,89,1,0,0,0,11.096339,37.354500,127.118328,70.846560,0,11644,0,100.000,0.000
1,31,23120008,2024052913390591214,1,1,9,101,1,1.5,0x1,0x1,128,2024052913390591816,2022042903044587539,2024052913390591214,-836521977,23120008,23120008,8448,204,0,1,40,0,0,5915,20,20,30,72,100,37.354416,127.118256,74.603248,11645,45,0,144,0x9087f3fe,2024052913390592769,2022042902443887521,2024052913390594546,953,-600700018,3332,-836521982,23120002,23120002,8448,204,1,45058,51330,1,0,89,1,0,0,0,11.096339,37.354500,127.118328,70.849960,0,11645,0,100.000,0.000
1,31,23120008,2024052913390601231,1,1,9,101,1,1.5,0x1,0x1,128,2024052913390601823,2022042903044597550,2024052913390601231,-836521977,23120008,23120008,8448,204,0,1,40,0,0,5915,20,20,30,72,100,37.354416,127.118256,74.611832,11646,46,0,144,0xf0e45253,2024052913390602503,2022042902443897250,2024052913390604622,680,-600700300,3391,-836521982,23120002,23120002,8448,204,1,45058,51330,1,0,89,1,0,0,0,11.096339,37.354500,127.118328,70.852464,0,11646,0,100.000,0.000
1,31,23120008,2024052913390611244,1,1,9,101,1,1.5,0x1,0x1,128,2024052913390611821,2022042903044607567,2024052913390611244,-836521977,23120008,23120008,8448,204,0,1,40,0,0,5915,20,20,30,72,100,37.354416,127.118256,74.615176,11647,47,0,144,0x555249a,2024052913390612454,2022042902443907200,2024052913390614707,633,-600700367,3463,-836521982,23120002,23120002,8448,204,1,45058,51330,1,0,89,1,0,0,0,11.096339,37.354500,127.118328,70.852008,0,11647,0,100.000,0.000
1,31,23120008,2024052913390621262,1,1,9,101,1,1.5,0x1,0x1,128,2024052913390621866,2022042903044617579,2024052913390621262,-836521977,23120008,23120008,8448,204,0,1,40,0,0,5915,20,20,30,72,100,37.354416,127.118256,74.600616,11648,48,0,144,0xfcb30337,2024052913390622511,2022042902443917260,2024052913390624804,645,-600700319,3542,-836521982,23120002,23120002,8448,204,1,45058,51330,1,0,89,1,0,0,0,11.096339,37.354500,127.118328,70.857992,0,11648,0,100.000,0.000
1,31,23120008,2024052913390631275,1,1,9,101,1,1.5,0x1,0x1,128,2024052913390631880,2022042903044627600,2024052913390631275,-836521977,23120008,23120008,8448,204,0,1,40,0,0,5915,20,20,30,72,100,37.354416,127.118256,74.606376,11649,49,0,144,0xbc2cce26,2024052913390632904,2022042902443927652,2024052913390634881,1024,-600699948,3606,-836521982,23120002,23120002,8448,204,1,45058,51330,1,0,90,1,0,0,0,11.096339,37.354500,127.118328,70.860168,0,11649,0,100.000,0.000
1,31,23120008,2024052913390641288,1,1,9,101,1,1.5,0x1,0x1,128,2024052913390641881,2022042903044637610,2024052913390641288,-836521977,23120008,23120008,8448,204,0,1,40,0,0,5915,20,20,30,72,100,37.354416,127.118256,74.594616,11650,50,0,144,0x92ac498b,2024052913390642153,2022042902443936900,2024052913390643944,272,-600700710,2656,-836521982,23120002,23120002,8448,204,1,45058,51330,1,0,90,1,0,0,0,11.096339,37.354500,127.118328,70.861848,0,11650,0,100.000,0.000
1,31,23120008,2024052913390651303,1,1,9,101,1,1.5,0x1,0x1,128,2024052913390651953,2022042903044647623,2024052913390651303,-836521977,23120008,23120008,8448,204,0,1,40,0,0,5915,20,20,30,72,100,37.354416,127.118256,74.599896,11651,51,0,144,0xe19f2fa4,2024052913390652353,2022042902443947103,2024052913390655031,400,-600700520,3728,-836521982,23120002,23120002,8448,204,1,45058,51330,1,0,90,1,0,0,0,11.096339,37.354500,127.118328,70.865360,0,11651,0,100.000,0.000
1,31,23120008,2024052913390661319,1,1,9,101,1,1.5,0x1,0x1,128,2024052913390661883,2022042903044657637,2024052913390661319,-836521977,23120008,23120008,8448,204,0,1,40,0,0,5915,20,20,30,72,100,37.354416,127.118256,74.609144,11652,52,0,144,0x4309c048,2024052913390662103,2022042902443956850,2024052913390664096,220,-600700787,2777,-836521982,23120002,23120002,8448,204,1,45058,51330,1,0,90,1,0,0,0,11.096339,37.354500,127.118328,70.868632,0,11652,0,100.000,0.000
1,31,23120008,2024052913390671332,1,1,9,101,1,1.5,0x1,0x1,128,2024052913390671941,2022042903044667660,2024052913390671332,-836521977,23120008,23120008,8448,204,0,1,40,0,0,5915,20,20,30,72,100,37.354416,127.118256,74.595776,11653,53,0,144,0xdb16374c,2024052913390672202,2022042902443966949,2024052913390674166,261,-600700711,2834,-836521982,23120002,23120002,8448,204,1,45058,51330,1,0,90,1,0,0,0,11.096339,37.354500,127.118328,70.874960,0,11653,0,100.000,0.000
1,31,23120008,2024052913390681345,1,1,9,101,1,1.5,0x1,0x1,128,2024052913390681947,2022042903044677673,2024052913390681345,-836521977,23120008,23120008,8448,204,0,1,40,0,0,5915,20,20,30,72,100,37.354416,127.118256,74.597920,11654,54,0,144,0x6b8a8e4b,2024052913390682969,2022042902443977721,2024052913390685247,1022,-600699952,3902,-836521982,23120002,23120002,8448,204,1,45058,51330,1,0,90,1,0,0,0,11.096339,37.354500,127.118328,70.876792,0,11654,0,100.000,0.000
1,31,23120008,2024052913390691359,1,1,9,101,1,1.5,0x1,0x1,128,2024052913390691949,2022042903044687682,2024052913390691359,-836521977,23120008,23120008,8448,204,0,1,40,0,0,5915,20,20,30,72,100,37.354416,127.118256,74.588224,11655,55,0,144,0xd45d7e4,2024052913390692359,2022042902443987109,2024052913390694312,410,-600700573,2953,-836521982,23120002,23120002,8448,204,1,45058,51330,1,0,90,1,0,0,0,11.096339,37.354500,127.118328,70.878088,0,11655,0,100.000,0.000
1,31,23120008,2024052913390701393,1,1,9,101,1,1.5,0x1,0x1,128,2024052913390701960,2022042903044697718,2024052913390701393,-836521977,23120008,23120008,8448,204,0,1,40,0,0,5915,20,20,30,72,100,37.354416,127.118256,74.596776,11656,56,0,144,0x5fe08c66,2024052913390702703,2022042902443997454,2024052913390705380,743,-600700264,3987,-836521982,23120002,23120002,8448,204,1,45058,51330,1,0,90,1,0,0,0,11.096339,37.354500,127.118328,70.884768,0,11656,0,100.000,0.000
1,31,23120008,2024052913390711427,1,1,9,101,1,1.5,0x1,0x1,128,2024052913390712014,2022042903044707752,2024052913390711427,-836521977,23120008,23120008,8448,204,0,1,40,0,0,5915,20,20,30,72,100,37.354416,127.118256,74.599608,11657,57,0,144,0x41a31438,2024052913390712822,2022042902444007569,2024052913390715466,808,-600700183,4039,-836521982,23120002,23120002,8448,204,1,45058,51330,1,0,90,1,0,0,0,11.096339,37.354500,127.118328,70.888584,0,11657,0,100.000,0.000
1,31,23120008,2024052913390721461,1,1,9,101,1,1.5,0x1,0x1,128,2024052913390722044,2022042903044717787,2024052913390721461,-836521977,23120008,23120008,8448,204,0,1,40,0,0,5915,20,20,30,72,100,37.354416,127.118256,74.591712,11658,58,0,144,0xa9e6098b,2024052913390722871,2022042902444017619,2024052913390725537,827,-600700168,4076,-836521982,23120002,23120002,8448,204,1,45058,51330,1,0,90,1,0,0,0,11.096339,37.354500,127.118328,70.894816,0,11658,0,100.000,0.000
1,31,23120008,2024052913390731495,1,1,9,101,1,1.5,0x1,0x1,128,2024052913390732097,2022042903044727820,2024052913390731495,-836521977,23120008,23120008,8448,204,0,1,40,0,0,5915,20,20,30,72,100,37.354416,127.118256,74.597112,11659,59,0,144,0x72df5e40,2024052913390732553,2022042902444027299,2024052913390734606,456,-600700521,3111,-836521982,23120002,23120002,8448,204,1,45058,51330,1,0,90,1,0,0,0,11.096339,37.354500,127.118328,70.897216,0,11659,0,100.000,0.000
1,31,23120008,2024052913390741512,1,1,9,101,1,1.5,0x1,0x1,128,2024052913390742110,2022042903044737837,2024052913390741512,-836521977,23120008,23120008,8448,204,0,1,40,0,0,5915,20,20,30,72,100,37.354416,127.118256,74.601496,11660,60,0,144,0x10fc3d73,2024052913390743204,2022042902444037953,2024052913390745682,1094,-600699884,4170,-836521982,23120002,23120002,8448,204,1,45058,51330,1,0,90,1,0,0,0,11.096339,37.354500,127.118328,70.898472,0,11660,0,100.000,0.000
1,31,23120008,2024052913390751529,1,1,9,101,1,1.5,0x1,0x1,128,2024052913390752122,2022042903044747855,2024052913390751529,-836521977,23120008,23120008,8448,204,0,1,40,0,0,5915,20,20,30,72,100,37.354416,127.118256,74.592640,11661,61,0,144,0x21936b4f,2024052913390753104,2022042902444047852,2024052913390755752,982,-600700003,4223,-836521982,23120002,23120002,8448,204,1,45058,51330,1,0,90,1,0,0,0,11.096339,37.354500,127.118328,70.900184,0,11661,0,100.000,0.000
1,31,23120008,2024052913390761562,1,1,9,101,1,1.5,0x1,0x1,128,2024052913390762155,2022042903044757889,2024052913390761562,-836521977,23120008,23120008,8448,204,0,1,40,0,0,5915,20,20,30,72,100,37.354416,127.118256,74.598264,11662,62,0,144,0x2932c202,2024052913390762360,2022042902444057106,2024052913390764815,205,-600700783,3253,-836521982,23120002,23120002,8448,204,1,45058,51330,1,0,90,1,0,0,0,11.096339,37.354500,127.118328,70.901600,0,11662,0,100.000,0.000
1,31,23120008,2024052913390771579,1,1,9,101,1,1.5,0x1,0x1,128,2024052913390772165,2022042903044767907,2024052913390771579,-836521977,23120008,23120008,8448,204,0,1,40,0,0,5915,20,20,30,72,100,37.354416,127.118256,74.590888,11663,63,0,144,0x841ce138,2024052913390772454,2022042902444067203,2024052913390774885,289,-600700704,3306,-836521982,23120002,23120002,8448,204,1,45058,51330,1,0,90,1,0,0,0,11.096339,37.354500,127.118328,70.904624,0,11663,0,100.000,0.000
1,31,23120008,2024052913390781595,1,1,9,101,1,1.5,0x1,0x1,128,2024052913390782189,2022042903044777924,2024052913390781595,-836521977,23120008,23120008,8448,204,0,1,40,0,0,5915,20,20,30,72,100,37.354416,127.118256,74.593448,11664,64,0,144,0xed5b4ca9,2024052913390782958,2022042902444077709,2024052913390784956,769,-600700215,3361,-836521982,23120002,23120002,8448,204,1,45058,51330,1,0,90,1,0,0,0,11.096339,37.354500,127.118328,70.913064,0,11664,0,100.000,0.000
1,31,23120008,2024052913390791628,1,1,9,101,1,1.5,0x1,0x1,128,2024052913390792219,2022042903044787956,2024052913390791628,-836521977,23120008,23120008,8448,204,0,1,40,0,0,5915,20,20,30,72,100,37.354416,127.118256,74.595872,11665,65,0,144,0x9ea7cf0e,2024052913390792503,2022042902444087251,2024052913390795029,284,-600700705,3401,-836521982,23120002,23120002,8448,204,1,45058,51330,1,0,90,1,0,0,0,11.096339,37.354500,127.118328,70.916720,0,11665,0,100.000,0.000
1,31,23120008,2024052913390801662,1,1,9,101,1,1.5,0x1,0x1,128,2024052913390802257,2022042903044797993,2024052913390801662,-836521977,23120008,23120008,8448,204,0,1,40,0,0,5915,20,20,30,72,100,37.354416,127.118256,74.579792,11666,66,0,144,0x86e1d890,2024052913390802708,2022042902444097459,2024052913390805105,451,-600700534,3443,-836521982,23120002,23120002,8448,204,1,45058,51330,1,0,90,1,0,0,0,11.096339,37.354500,127.118328,70.922176,0,11666,0,100.000,0.000
1,31,23120008,2024052913390811696,1,1,9,101,1,1.5,0x1,0x1,128,2024052913390812314,2022042903044808030,2024052913390811696,-836521977,23120008,23120008,8448,204,0,1,40,0,0,5915,20,20,30,72,100,37.354416,127.118256,74.584856,11667,67,0,144,0xd121fd72,2024052913390812908,2022042902444107656,2024052913390815182,594,-600700374,3486,-836521982,23120002,23120002,8448,204,1,45058,51330,1,0,90,1,0,0,0,11.096339,37.354500,127.118328,70.924296,0,11667,0,100.000,0.000
1,31,23120008,2024052913390821713,1,1,9,101,1,1.5,0x1,0x1,128,2024052913390822314,2022042903044818043,2024052913390821713,-836521977,23120008,23120008,8448,204,0,1,40,0,0,5915,20,20,30,72,100,37.354416,127.118256,74.573072,11668,68,0,144,0x659d5e1a,2024052913390822603,2022042902444117351,2024052913390825253,289,-600700692,3540,-836521982,23120002,23120002,8448,204,1,45058,51330,1,0,90,1,0,0,0,11.096339,37.354500,127.118328,70.929160,0,11668,0,100.000,0.000
1,31,23120008,2024052913390831729,1,1,9,101,1,1.5,0x1,0x1,128,2024052913390832412,2022042903044828061,2024052913390831729,-836521977,23120008,23120008,8448,204,0,1,40,0,0,5915,20,20,30,72,100,37.354416,127.118256,74.577800,11669,69,0,144,0xc82f22ab,2024052913390832871,2022042902444127622,2024052913390835331,459,-600700439,3602,-836521982,23120002,23120002,8448,204,1,45058,51330,1,0,90,1,0,0,0,11.096339,37.354500,127.118328,70.931296,0,11669,0,100.000,0.000
1,31,23120008,2024052913390841745,1,1,9,101,1,1.5,0x1,0x1,128,2024052913390842345,2022042903044838076,2024052913390841745,-836521977,23120008,23120008,8448,204,0,1,40,0,0,5915,20,20,30,72,100,37.354416,127.118256,74.583032,11670,70,0,144,0xad250d73,2024052913390843354,2022042902444138106,2024052913390845427,1009,-600699970,3682,-836521982,23120002,23120002,8448,204,1,45058,51330,1,0,90,1,0,0,0,11.096339,37.354500,127.118328,70.935048,0,11670,0,100.000,0.000
1,31,23120008,2024052913390851761,1,1,9,101,1,1.5,0x1,0x1,128,2024052913390852440,2022042903044848094,2024052913390851761,-836521977,23120008,23120008,8448,204,0,1,40,0,0,5915,20,20,30,72,100,37.354416,127.118256,74.574144,11671,71,0,144,0x61c4346f,2024052913390853270,2022042902444148021,2024052913390855498,830,-600700073,3737,-836521982,23120002,23120002,8448,204,1,45058,51330,1,0,90,1,0,0,0,11.096339,37.354500,127.118328,70.939640,0,11671,0,100.000,0.000
1,31,23120008,2024052913390861795,1,1,9,101,1,1.5,0x1,0x1,128,2024052913390862505,2022042903044858140,2024052913390861795,-836521977,23120008,23120008,8448,204,0,1,40,0,0,5915,20,20,30,72,100,37.354416,127.118256,74.577864,11672,72,0,144,0xed5bb7e,2024052913390862708,2022042902444157458,2024052913390864565,203,-600700682,2770,-836521982,23120002,23120002,8448,204,1,45058,51330,1,0,90,1,0,0,0,11.096339,37.354500,127.118328,70.946520,0,11672,0,100.000,0.000
1,31,23120008,2024052913390871811,1,1,9,101,1,1.5,0x1,0x1,128,2024052913390872422,2022042903044868139,2024052913390871811,-836521977,23120008,23120008,8448,204,0,1,40,0,0,5915,20,20,30,72,100,37.354416,127.118256,74.564024,11673,73,0,144,0xcb44eec2,2024052913390873454,2022042902444168204,2024052913390875668,1032,-600699935,3857,-836521982,23120002,23120002,8448,204,1,45058,51330,1,0,90,1,0,0,0,11.096339,37.354500,127.118328,70.953136,0,11673,0,100.000,0.000
