eDeviceType,eTeleCommType,unDeviceId,ulTimeStamp,eServiceId,eActionType,eRegionId,ePayloadType,eCommId,usDbVer,usHwVer,usSwVer,ulPayloadLength,ulTxTimeStampL1,ulTxTimeStampL2,ulTxTimeStampL3,unRxTargetDeviceId,eChannel,sPower,eBandwidth,usTxRatio,nTxLatitude,nTxLongitude,nTxAttitude,unSeqNum,unContCnt,unTxVehicleSpeed,unTxVehicleHeading,unTotalPacketCrc32
1,31,23040015,2024042417380635389,1,1,9,101,1,1.5,0x1,0x1,132,0,0,2024042417380635389,0,180,20,2,100,0.000000,0.000000,0.000000,1,1,60,0,0x5a8e658c
1,31,23040015,2024042417380645423,1,1,9,101,1,1.5,0x1,0x1,132,0,0,2024042417380645423,0,180,20,2,100,0.000000,0.000000,0.000000,2,2,60,0,0xa81930fd
1,31,23040015,2024042417380655459,1,1,9,101,1,1.5,0x1,0x1,132,0,0,2024042417380655459,0,180,20,2,100,0.000000,0.000000,0.000000,3,3,60,0,0x2167a1ee
1,31,23040015,2024042417380665492,1,1,9,101,1,1.5,0x1,0x1,132,0,0,2024042417380665492,0,180,20,2,100,0.000000,0.000000,0.000000,4,4,60,0,0x5d0fef35
1,31,23040015,2024042417380675527,1,1,9,101,1,1.5,0x1,0x1,132,0,0,2024042417380675527,0,180,20,2,100,0.000000,0.000000,0.000000,5,5,60,0,0x1058b0b0
1,31,23040015,2024042417380685561,1,1,9,101,1,1.5,0x1,0x1,132,0,0,2024042417380685561,0,180,20,2,100,0.000000,0.000000,0.000000,6,6,60,0,0x105e706
1,31,23040015,2024042417380695594,1,1,9,101,1,1.5,0x1,0x1,132,0,0,2024042417380695594,0,180,20,2,100,0.000000,0.000000,0.000000,7,7,60,0,0xcc673e1b
1,31,23040015,2024042417380705629,1,1,9,101,1,1.5,0x1,0x1,132,0,0,2024042417380705629,0,180,20,2,100,0.000000,0.000000,0.000000,8,8,60,0,0x2bad0364
1,31,23040015,2024042417380715664,1,1,9,101,1,1.5,0x1,0x1,132,0,0,2024042417380715664,0,180,20,2,100,0.000000,0.000000,0.000000,9,9,60,0,0xf8c60c30
1,31,23040015,2024042417380725706,1,1,9,101,1,1.5,0x1,0x1,132,0,0,2024042417380725706,0,180,20,2,100,0.000000,0.000000,0.000000,10,10,60,0,0x87b60145
1,31,23040015,2024042417380735740,1,1,9,101,1,1.5,0x1,0x1,132,0,0,2024042417380735740,0,180,20,2,100,0.000000,0.000000,0.000000,11,11,60,0,0xdb70733f
1,31,23040015,2024042417380745779,1,1,9,101,1,1.5,0x1,0x1,132,0,0,2024042417380745779,0,180,20,2,100,0.000000,0.000000,0.000000,12,12,0,0,0x3fea8790
1,31,23040015,2024042417380755813,1,1,9,101,1,1.5,0x1,0x1,132,0,0,2024042417380755813,0,180,20,2,100,0.000000,0.000000,0.000000,13,13,0,0,0xba0c3106
1,31,23040015,2024042417380765847,1,1,9,101,1,1.5,0x1,0x1,132,0,0,2024042417380765847,0,180,20,2,100,0.000000,0.000000,0.000000,14,14,0,0,0x3ae776ce
1,31,23040015,2024042417380775882,1,1,9,101,1,1.5,0x1,0x1,132,0,0,2024042417380775882,0,180,20,2,100,0.000000,0.000000,0.000000,15,15,0,0,0x52cc27ac
1,31,23040015,2024042417380785916,1,1,9,101,1,1.5,0x1,0x1,132,0,0,2024042417380785916,0,180,20,2,100,0.000000,0.000000,0.000000,16,16,0,0,0x2d86a301
1,31,23040015,2024042417380795950,1,1,9,101,1,1.5,0x1,0x1,132,0,0,2024042417380795950,0,180,20,2,100,0.000000,0.000000,0.000000,17,17,0,0,0x53115fea
1,31,23040015,2024042417380805985,1,1,9,101,1,1.5,0x1,0x1,132,0,0,2024042417380805985,0,180,20,2,100,0.000000,0.000000,0.000000,18,18,0,0,0x743412b1
1,31,23040015,2024042417380816019,1,1,9,101,1,1.5,0x1,0x1,132,0,0,2024042417380816019,0,180,20,2,100,0.000000,0.000000,0.000000,19,19,0,0,0x9f44ee85
1,31,23040015,2024042417380826053,1,1,9,101,1,1.5,0x1,0x1,132,0,0,2024042417380826053,0,180,20,2,100,0.000000,0.000000,0.000000,20,20,0,0,0x29d1058c
1,31,23040015,2024042417380836087,1,1,9,101,1,1.5,0x1,0x1,132,0,0,2024042417380836087,0,180,20,2,100,0.000000,0.000000,0.000000,21,21,0,0,0xc52afc95
1,31,23040015,2024042417380846122,1,1,9,101,1,1.5,0x1,0x1,132,0,0,2024042417380846122,0,180,20,2,100,0.000000,0.000000,0.000000,22,22,0,0,0x2c92cbd5
1,31,23040015,2024042417380856135,1,1,9,101,1,1.5,0x1,0x1,132,0,0,2024042417380856135,0,180,20,2,100,0.000000,0.000000,0.000000,23,23,0,0,0xa9bd8197
1,31,23040015,2024042417380866172,1,1,9,101,1,1.5,0x1,0x1,132,0,0,2024042417380866172,0,180,20,2,100,0.000000,0.000000,0.000000,24,24,0,0,0x317c3683
1,31,23040015,2024042417380876208,1,1,9,101,1,1.5,0x1,0x1,132,0,0,2024042417380876208,0,180,20,2,100,0.000000,0.000000,0.000000,25,25,0,0,0x3d02aa00
1,31,23040015,2024042417380886244,1,1,9,101,1,1.5,0x1,0x1,132,0,0,2024042417380886244,0,180,20,2,100,0.000000,0.000000,0.000000,26,26,0,0,0x8408f61
1,31,23040015,2024042417380896279,1,1,9,101,1,1.5,0x1,0x1,132,0,0,2024042417380896279,0,180,20,2,100,0.000000,0.000000,0.000000,27,27,0,0,0xa7d94107
1,31,23040015,2024042417380906313,1,1,9,101,1,1.5,0x1,0x1,132,0,0,2024042417380906313,0,180,20,2,100,0.000000,0.000000,0.000000,28,28,0,0,0x426aca1e
1,31,23040015,2024042417380916332,1,1,9,101,1,1.5,0x1,0x1,132,0,0,2024042417380916332,0,180,20,2,100,0.000000,0.000000,0.000000,29,29,0,0,0xdfbff366
1,31,23040015,2024042417380926366,1,1,9,101,1,1.5,0x1,0x1,132,0,0,2024042417380926366,0,180,20,2,100,0.000000,0.000000,0.000000,30,30,0,0,0x6a94c766
1,31,23040015,2024042417380936400,1,1,9,101,1,1.5,0x1,0x1,132,0,0,2024042417380936400,0,180,20,2,100,0.000000,0.000000,0.000000,31,31,0,0,0x22ea2207
1,31,23040015,2024042417380946435,1,1,9,101,1,1.5,0x1,0x1,132,0,0,2024042417380946435,0,180,20,2,100,0.000000,0.000000,0.000000,32,32,0,0,0xfbdabaa1
1,31,23040015,2024042417380956470,1,1,9,101,1,1.5,0x1,0x1,132,0,0,2024042417380956470,0,180,20,2,100,0.000000,0.000000,0.000000,33,33,0,0,0x4fbe364c
1,31,23040015,2024042417380966505,1,1,9,101,1,1.5,0x1,0x1,132,0,0,2024042417380966505,0,180,20,2,100,0.000000,0.000000,0.000000,34,34,0,0,0xdc204035
1,31,23040015,2024042417380976539,1,1,9,101,1,1.5,0x1,0x1,132,0,0,2024042417380976539,0,180,20,2,100,0.000000,0.000000,0.000000,35,35,0,0,0x84fb0faf
1,31,23040015,2024042417380986574,1,1,9,101,1,1.5,0x1,0x1,132,0,0,2024042417380986574,0,180,20,2,100,0.000000,0.000000,0.000000,36,36,0,0,0xd032b537
1,31,23040015,2024042417380996608,1,1,9,101,1,1.5,0x1,0x1,132,0,0,2024042417380996608,0,180,20,2,100,0.000000,0.000000,0.000000,37,37,0,0,0xc1ef3e26
1,31,23040015,2024042417381006645,1,1,9,101,1,1.5,0x1,0x1,132,0,0,2024042417381006645,0,180,20,2,100,0.000000,0.000000,0.000000,38,38,0,0,0xe4e9668c
1,31,23040015,2024042417381016679,1,1,9,101,1,1.5,0x1,0x1,132,0,0,2024042417381016679,0,180,20,2,100,0.000000,0.000000,0.000000,39,39,0,0,0xeba12469
1,31,23040015,2024042417381026714,1,1,9,101,1,1.5,0x1,0x1,132,0,0,2024042417381026714,0,180,20,2,100,0.000000,0.000000,0.000000,40,40,0,0,0x35ec3dfd
1,31,23040015,2024042417381036748,1,1,9,101,1,1.5,0x1,0x1,132,0,0,2024042417381036748,0,180,20,2,100,0.000000,0.000000,0.000000,41,41,0,0,0xb249e392
1,31,23040015,2024042417381046783,1,1,9,101,1,1.5,0x1,0x1,132,0,0,2024042417381046783,0,180,20,2,100,0.000000,0.000000,0.000000,42,42,0,0,0x561a53bd
1,31,23040015,2024042417381056797,1,1,9,101,1,1.5,0x1,0x1,132,0,0,2024042417381056797,0,180,20,2,100,0.000000,0.000000,0.000000,43,43,0,0,0xc9904655
1,31,23040015,2024042417381066830,1,1,9,101,1,1.5,0x1,0x1,132,0,0,2024042417381066830,0,180,20,2,100,0.000000,0.000000,0.000000,44,44,0,0,0xd92d2ad5
1,31,23040015,2024042417381076864,1,1,9,101,1,1.5,0x1,0x1,132,0,0,2024042417381076864,0,180,20,2,100,0.000000,0.000000,0.000000,45,45,0,0,0xc3c834bc
1,31,23040015,2024042417381086899,1,1,9,101,1,1.5,0x1,0x1,132,0,0,2024042417381086899,0,180,20,2,100,0.000000,0.000000,0.000000,46,46,0,0,0xb51cd897
1,31,23040015,2024042417381096933,1,1,9,101,1,1.5,0x1,0x1,132,0,0,2024042417381096933,0,180,20,2,100,0.000000,0.000000,0.000000,47,47,0,0,0x5ac73547
1,31,23040015,2024042417381106968,1,1,9,101,1,1.5,0x1,0x1,132,0,0,2024042417381106968,0,180,20,2,100,0.000000,0.000000,0.000000,48,48,0,0,0x945de21d
1,31,23040015,2024042417381117003,1,1,9,101,1,1.5,0x1,0x1,132,0,0,2024042417381117003,0,180,20,2,100,0.000000,0.000000,0.000000,49,49,0,0,0x2da948f9
1,31,23040015,2024042417381127047,1,1,9,101,1,1.5,0x1,0x1,132,0,0,2024042417381127047,0,180,20,2,100,0.000000,0.000000,0.000000,50,50,0,0,0x4cab32a3
1,31,23040015,2024042417381137082,1,1,9,101,1,1.5,0x1,0x1,132,0,0,2024042417381137082,0,180,20,2,100,0.000000,0.000000,0.000000,51,51,0,0,0xdc8c4887
1,31,23040015,2024042417381147117,1,1,9,101,1,1.5,0x1,0x1,132,0,0,2024042417381147117,0,180,20,2,100,0.000000,0.000000,0.000000,52,52,0,0,0xbc66bfcf
1,31,23040015,2024042417381157151,1,1,9,101,1,1.5,0x1,0x1,132,0,0,2024042417381157151,0,180,20,2,100,0.000000,0.000000,0.000000,53,53,0,0,0xbd682982
1,31,23040015,2024042417381167185,1,1,9,101,1,1.5,0x1,0x1,132,0,0,2024042417381167185,0,180,20,2,100,0.000000,0.000000,0.000000,54,54,0,0,0xcc603bb0
1,31,23040015,2024042417381177220,1,1,9,101,1,1.5,0x1,0x1,132,0,0,2024042417381177220,0,180,20,2,100,0.000000,0.000000,0.000000,55,55,0,0,0x637bbc44
1,31,23040015,2024042417381187254,1,1,9,101,1,1.5,0x1,0x1,132,0,0,2024042417381187254,0,180,20,2,100,0.000000,0.000000,0.000000,56,56,0,0,0xab3be960
1,31,23040015,2024042417381197289,1,1,9,101,1,1.5,0x1,0x1,132,0,0,2024042417381197289,0,180,20,2,100,0.000000,0.000000,0.000000,57,57,0,0,0xf9696f08
1,31,23040015,2024042417381207323,1,1,9,101,1,1.5,0x1,0x1,132,0,0,2024042417381207323,0,180,20,2,100,0.000000,0.000000,0.000000,58,58,0,0,0x93fc42b9
1,31,23040015,2024042417381217357,1,1,9,101,1,1.5,0x1,0x1,132,0,0,2024042417381217357,0,180,20,2,100,0.000000,0.000000,0.000000,59,59,0,0,0xeea0f36d
1,31,23040015,2024042417381227392,1,1,9,101,1,1.5,0x1,0x1,132,0,0,2024042417381227392,0,180,20,2,100,0.000000,0.000000,0.000000,60,60,0,0,0xa4efea4b
1,31,23040015,2024042417381237426,1,1,9,101,1,1.5,0x1,0x1,132,0,0,2024042417381237426,0,180,20,2,100,0.000000,0.000000,0.000000,61,61,0,0,0x48141352
1,31,23040015,2024042417381247461,1,1,9,101,1,1.5,0x1,0x1,132,0,0,2024042417381247461,0,180,20,2,100,0.000000,0.000000,0.000000,62,62,0,0,0xe7e223c8
1,31,23040015,2024042417381257495,1,1,9,101,1,1.5,0x1,0x1,132,0,0,2024042417381257495,0,180,20,2,100,0.000000,0.000000,0.000000,63,63,0,0,0xb401f92a
1,31,23040015,2024042417381267530,1,1,9,101,1,1.5,0x1,0x1,132,0,0,2024042417381267530,0,180,20,2,100,0.000000,0.000000,0.000000,64,64,0,0,0xff34011
1,31,23040015,2024042417381277565,1,1,9,101,1,1.5,0x1,0x1,132,0,0,2024042417381277565,0,180,20,2,100,0.000000,0.000000,0.000000,65,65,0,0,0x1ce49541
1,31,23040015,2024042417381287599,1,1,9,101,1,1.5,0x1,0x1,132,0,0,2024042417381287599,0,180,20,2,100,0.000000,0.000000,0.000000,66,66,0,0,0x5b2e5cac
1,31,23040015,2024042417381297634,1,1,9,101,1,1.5,0x1,0x1,132,0,0,2024042417381297634,0,180,20,2,100,0.000000,0.000000,0.000000,67,67,0,0,0x91cf1c1c
1,31,23040015,2024042417381307669,1,1,9,101,1,1.5,0x1,0x1,132,0,0,2024042417381307669,0,180,20,2,100,0.000000,0.000000,0.000000,68,68,0,0,0x7d938be
1,31,23040015,2024042417381317703,1,1,9,101,1,1.5,0x1,0x1,132,0,0,2024042417381317703,0,180,20,2,100,0.000000,0.000000,0.000000,69,69,0,0,0x15f30786
1,31,23040015,2024042417381327737,1,1,9,101,1,1.5,0x1,0x1,132,0,0,2024042417381327737,0,180,20,2,100,0.000000,0.000000,0.000000,70,70,0,0,0x143827e5
1,31,23040015,2024042417381337771,1,1,9,101,1,1.5,0x1,0x1,132,0,0,2024042417381337771,0,180,20,2,100,0.000000,0.000000,0.000000,71,71,0,0,0xa563db43
1,31,23040015,2024042417381347805,1,1,9,101,1,1.5,0x1,0x1,132,0,0,2024042417381347805,0,180,20,2,100,0.000000,0.000000,0.000000,72,72,0,0,0xb31d48f2
1,31,23040015,2024042417381357840,1,1,9,101,1,1.5,0x1,0x1,132,0,0,2024042417381357840,0,180,20,2,100,0.000000,0.000000,0.000000,73,73,0,0,0xd8e56170
1,31,23040015,2024042417381367874,1,1,9,101,1,1.5,0x1,0x1,132,0,0,2024042417381367874,0,180,20,2,100,0.000000,0.000000,0.000000,74,74,0,0,0x46cff7d2
1,31,23040015,2024042417381377908,1,1,9,101,1,1.5,0x1,0x1,132,0,0,2024042417381377908,0,180,20,2,100,0.000000,0.000000,0.000000,75,75,0,0,0x7e6e4434
1,31,23040015,2024042417381387943,1,1,9,101,1,1.5,0x1,0x1,132,0,0,2024042417381387943,0,180,20,2,100,0.000000,0.000000,0.000000,76,76,0,0,0xdd0e2cbd
1,31,23040015,2024042417381397976,1,1,9,101,1,1.5,0x1,0x1,132,0,0,2024042417381397976,0,180,20,2,100,0.000000,0.000000,0.000000,77,77,0,0,0x22407fb6
1,31,23040015,2024042417381408011,1,1,9,101,1,1.5,0x1,0x1,132,0,0,2024042417381408011,0,180,20,2,100,0.000000,0.000000,0.000000,78,78,0,0,0xee844611
1,31,23040015,2024042417381418045,1,1,9,101,1,1.5,0x1,0x1,132,0,0,2024042417381418045,0,180,20,2,100,0.000000,0.000000,0.000000,79,79,0,0,0x2f48badc
1,31,23040015,2024042417381428079,1,1,9,101,1,1.5,0x1,0x1,132,0,0,2024042417381428079,0,180,20,2,100,0.000000,0.000000,0.000000,80,80,0,0,0x2bca6ed2
1,31,23040015,2024042417381438113,1,1,9,101,1,1.5,0x1,0x1,132,0,0,2024042417381438113,0,180,20,2,100,0.000000,0.000000,0.000000,81,81,0,0,0x8284c315
1,31,23040015,2024042417381448148,1,1,9,101,1,1.5,0x1,0x1,132,0,0,2024042417381448148,0,180,20,2,100,0.000000,0.000000,0.000000,82,82,0,0,0xb9166860
1,31,23040015,2024042417381458161,1,1,9,101,1,1.5,0x1,0x1,132,0,0,2024042417381458161,0,180,20,2,100,0.000000,0.000000,0.000000,83,83,0,0,0x4330b014
1,31,23040015,2024042417381468175,1,1,9,101,1,1.5,0x1,0x1,132,0,0,2024042417381468175,0,180,20,2,100,0.000000,0.000000,0.000000,84,84,0,0,0x5db152ad
1,31,23040015,2024042417381478188,1,1,9,101,1,1.5,0x1,0x1,132,0,0,2024042417381478188,0,180,20,2,100,0.000000,0.000000,0.000000,85,85,0,0,0x1a8e13ea
1,31,23040015,2024042417381488201,1,1,9,101,1,1.5,0x1,0x1,132,0,0,2024042417381488201,0,180,20,2,100,0.000000,0.000000,0.000000,86,86,0,0,0xafa145bb
1,31,23040015,2024042417381498215,1,1,9,101,1,1.5,0x1,0x1,132,0,0,2024042417381498215,0,180,20,2,100,0.000000,0.000000,0.000000,87,87,0,0,0x54c23f70
1,31,23040015,2024042417381508228,1,1,9,101,1,1.5,0x1,0x1,132,0,0,2024042417381508228,0,180,20,2,100,0.000000,0.000000,0.000000,88,88,0,0,0x11b6bc27
1,31,23040015,2024042417381518243,1,1,9,101,1,1.5,0x1,0x1,132,0,0,2024042417381518243,0,180,20,2,100,0.000000,0.000000,0.000000,89,89,0,0,0x2fb4e93e
1,31,23040015,2024042417381528256,1,1,9,101,1,1.5,0x1,0x1,132,0,0,2024042417381528256,0,180,20,2,100,0.000000,0.000000,0.000000,90,90,0,0,0x5bce57ea
1,31,23040015,2024042417381538270,1,1,9,101,1,1.5,0x1,0x1,132,0,0,2024042417381538270,0,180,20,2,100,0.000000,0.000000,0.000000,91,91,0,0,0xd174f0df
1,31,23040015,2024042417381548284,1,1,9,101,1,1.5,0x1,0x1,132,0,0,2024042417381548284,0,180,20,2,100,0.000000,0.000000,0.000000,92,92,0,0,0x92010f47
1,31,23040015,2024042417381558298,1,1,9,101,1,1.5,0x1,0x1,132,0,0,2024042417381558298,0,180,20,2,100,0.000000,0.000000,0.000000,93,93,0,0,0x3dde62a6
1,31,23040015,2024042417381568312,1,1,9,101,1,1.5,0x1,0x1,132,0,0,2024042417381568312,0,180,20,2,100,0.000000,0.000000,0.000000,94,94,0,0,0xd5d09b70
1,31,23040015,2024042417381578326,1,1,9,101,1,1.5,0x1,0x1,132,0,0,2024042417381578326,0,180,20,2,100,0.000000,0.000000,0.000000,95,95,0,0,0xd729b914
1,31,23040015,2024042417381588339,1,1,9,101,1,1.5,0x1,0x1,132,0,0,2024042417381588339,0,180,20,2,100,0.000000,0.000000,0.000000,96,96,0,0,0xcc299dd3
1,31,23040015,2024042417381598353,1,1,9,101,1,1.5,0x1,0x1,132,0,0,2024042417381598353,0,180,20,2,100,0.000000,0.000000,0.000000,97,97,0,0,0xfb9c697a
1,31,23040015,2024042417381608367,1,1,9,101,1,1.5,0x1,0x1,132,0,0,2024042417381608367,0,180,20,2,100,0.000000,0.000000,0.000000,98,98,0,0,0xf799f353
1,31,23040015,2024042417381618381,1,1,9,101,1,1.5,0x1,0x1,132,0,0,2024042417381618381,0,180,20,2,100,0.000000,0.000000,0.000000,99,99,0,0,0xd62b9aad
1,31,23040015,2024042417381628394,1,1,9,101,1,1.5,0x1,0x1,132,0,0,2024042417381628394,0,180,20,2,100,0.000000,0.000000,0.000000,100,100,0,0,0x4b9ea6d6
1,31,23040015,2024042417381638409,1,1,9,101,1,1.5,0x1,0x1,132,0,0,2024042417381638409,0,180,20,2,100,0.000000,0.000000,0.000000,101,1,0,0,0x549e7195
1,31,23040015,2024042417381648422,1,1,9,101,1,1.5,0x1,0x1,132,0,0,2024042417381648422,0,180,20,2,100,0.000000,0.000000,0.000000,102,2,0,0,0x50629799
1,31,23040015,2024042417381658434,1,1,9,101,1,1.5,0x1,0x1,132,0,0,2024042417381658434,0,180,20,2,100,0.000000,0.000000,0.000000,103,3,0,0,0x32ea54c
1,31,23040015,2024042417381668447,1,1,9,101,1,1.5,0x1,0x1,132,0,0,2024042417381668447,0,180,20,2,100,0.000000,0.000000,0.000000,104,4,0,0,0x9659b84c
1,31,23040015,2024042417381678460,1,1,9,101,1,1.5,0x1,0x1,132,0,0,2024042417381678460,0,180,20,2,100,0.000000,0.000000,0.000000,105,5,0,0,0x9a774de7
1,31,23040015,2024042417381688472,1,1,9,101,1,1.5,0x1,0x1,132,0,0,2024042417381688472,0,180,20,2,100,0.000000,0.000000,0.000000,106,6,0,0,0x97c8deca
1,31,23040015,2024042417381698485,1,1,9,101,1,1.5,0x1,0x1,132,0,0,2024042417381698485,0,180,20,2,100,0.000000,0.000000,0.000000,107,7,0,0,0x5b78ef5b
1,31,23040015,2024042417381708498,1,1,9,101,1,1.5,0x1,0x1,132,0,0,2024042417381708498,0,180,20,2,100,0.000000,0.000000,0.000000,108,8,0,0,0x33c8669f
1,31,23040015,2024042417381718511,1,1,9,101,1,1.5,0x1,0x1,132,0,0,2024042417381718511,0,180,20,2,100,0.000000,0.000000,0.000000,109,9,0,0,0x997c63ab
1,31,23040015,2024042417381728525,1,1,9,101,1,1.5,0x1,0x1,132,0,0,2024042417381728525,0,180,20,2,100,0.000000,0.000000,0.000000,110,10,0,0,0x7dc10a28
1,31,23040015,2024042417381738537,1,1,9,101,1,1.5,0x1,0x1,132,0,0,2024042417381738537,0,180,20,2,100,0.000000,0.000000,0.000000,111,11,0,0,0x24be303d
1,31,23040015,2024042417381748550,1,1,9,101,1,1.5,0x1,0x1,132,0,0,2024042417381748550,0,180,20,2,100,0.000000,0.000000,0.000000,112,12,0,0,0x928b6763
1,31,23040015,2024042417381758563,1,1,9,101,1,1.5,0x1,0x1,132,0,0,2024042417381758563,0,180,20,2,100,0.000000,0.000000,0.000000,113,13,0,0,0xcd772649
1,31,23040015,2024042417381768576,1,1,9,101,1,1.5,0x1,0x1,132,0,0,2024042417381768576,0,180,20,2,100,0.000000,0.000000,0.000000,114,14,0,0,0xf26a9bd6
1,31,23040015,2024042417381778589,1,1,9,101,1,1.5,0x1,0x1,132,0,0,2024042417381778589,0,180,20,2,100,0.000000,0.000000,0.000000,115,15,0,0,0x8859725e
1,31,23040015,2024042417381788602,1,1,9,101,1,1.5,0x1,0x1,132,0,0,2024042417381788602,0,180,20,2,100,0.000000,0.000000,0.000000,116,16,0,0,0x902744bc
1,31,23040015,2024042417381798615,1,1,9,101,1,1.5,0x1,0x1,132,0,0,2024042417381798615,0,180,20,2,100,0.000000,0.000000,0.000000,117,17,0,0,0x3a7e7b8e
1,31,23040015,2024042417381808628,1,1,9,101,1,1.5,0x1,0x1,132,0,0,2024042417381808628,0,180,20,2,100,0.000000,0.000000,0.000000,118,18,0,0,0x5dcb35d9
1,31,23040015,2024042417381818642,1,1,9,101,1,1.5,0x1,0x1,132,0,0,2024042417381818642,0,180,20,2,100,0.000000,0.000000,0.000000,119,19,0,0,0x5238dc9
1,31,23040015,2024042417381828655,1,1,9,101,1,1.5,0x1,0x1,132,0,0,2024042417381828655,0,180,20,2,100,0.000000,0.000000,0.000000,120,20,0,0,0xca7f905b
1,31,23040015,2024042417381838667,1,1,9,101,1,1.5,0x1,0x1,132,0,0,2024042417381838667,0,180,20,2,100,0.000000,0.000000,0.000000,121,21,0,0,0x899f6519
1,31,23040015,2024042417381848681,1,1,9,101,1,1.5,0x1,0x1,132,0,0,2024042417381848681,0,180,20,2,100,0.000000,0.000000,0.000000,122,22,0,0,0xd23a2f61
1,31,23040015,2024042417381858694,1,1,9,101,1,1.5,0x1,0x1,132,0,0,2024042417381858694,0,180,20,2,100,0.000000,0.000000,0.000000,123,23,0,0,0xb55ba50f
1,31,23040015,2024042417381868707,1,1,9,101,1,1.5,0x1,0x1,132,0,0,2024042417381868707,0,180,20,2,100,0.000000,0.000000,0.000000,124,24,0,0,0xf24a83a
1,31,23040015,2024042417381878720,1,1,9,101,1,1.5,0x1,0x1,132,0,0,2024042417381878720,0,180,20,2,100,0.000000,0.000000,0.000000,125,25,0,0,0xf7640f36
1,31,23040015,2024042417381888733,1,1,9,101,1,1.5,0x1,0x1,132,0,0,2024042417381888733,0,180,20,2,100,0.000000,0.000000,0.000000,126,26,0,0,0x56f3ce7c
1,31,23040015,2024042417381898747,1,1,9,101,1,1.5,0x1,0x1,132,0,0,2024042417381898747,0,180,20,2,100,0.000000,0.000000,0.000000,127,27,0,0,0x49b952d5
1,31,23040015,2024042417381908760,1,1,9,101,1,1.5,0x1,0x1,132,0,0,2024042417381908760,0,180,20,2,100,0.000000,0.000000,0.000000,128,28,0,0,0x31c9df47
1,31,23040015,2024042417381918773,1,1,9,101,1,1.5,0x1,0x1,132,0,0,2024042417381918773,0,180,20,2,100,0.000000,0.000000,0.000000,129,29,0,0,0x4835005d
1,31,23040015,2024042417381928785,1,1,9,101,1,1.5,0x1,0x1,132,0,0,2024042417381928785,0,180,20,2,100,0.000000,0.000000,0.000000,130,30,0,0,0xe026bd89
1,31,23040015,2024042417381938798,1,1,9,101,1,1.5,0x1,0x1,132,0,0,2024042417381938798,0,180,20,2,100,0.000000,0.000000,0.000000,131,31,0,0,0x5e4a52ae
1,31,23040015,2024042417381948811,1,1,9,101,1,1.5,0x1,0x1,132,0,0,2024042417381948811,0,180,20,2,100,0.000000,0.000000,0.000000,132,32,0,0,0xf5d4044b
1,31,23040015,2024042417381958824,1,1,9,101,1,1.5,0x1,0x1,132,0,0,2024042417381958824,0,180,20,2,100,0.000000,0.000000,0.000000,133,33,0,0,0x5e630047
1,31,23040015,2024042417381968838,1,1,9,101,1,1.5,0x1,0x1,132,0,0,2024042417381968838,0,180,20,2,100,0.000000,0.000000,0.000000,134,34,0,0,0x210213fc
1,31,23040015,2024042417381978851,1,1,9,101,1,1.5,0x1,0x1,132,0,0,2024042417381978851,0,180,20,2,100,0.000000,0.000000,0.000000,135,35,0,0,0xee3a662b
1,31,23040015,2024042417381988864,1,1,9,101,1,1.5,0x1,0x1,132,0,0,2024042417381988864,0,180,20,2,100,0.000000,0.000000,0.000000,136,36,0,0,0xf7036ac5
1,31,23040015,2024042417381998876,1,1,9,101,1,1.5,0x1,0x1,132,0,0,2024042417381998876,0,180,20,2,100,0.000000,0.000000,0.000000,137,37,0,0,0x66ecf550
1,31,23040015,2024042417382008889,1,1,9,101,1,1.5,0x1,0x1,132,0,0,2024042417382008889,0,180,20,2,100,0.000000,0.000000,0.000000,138,38,0,0,0x90a277d4
1,31,23040015,2024042417382018902,1,1,9,101,1,1.5,0x1,0x1,132,0,0,2024042417382018902,0,180,20,2,100,0.000000,0.000000,0.000000,139,39,0,0,0x9fcb79a2
1,31,23040015,2024042417382028915,1,1,9,101,1,1.5,0x1,0x1,132,0,0,2024042417382028915,0,180,20,2,100,0.000000,0.000000,0.000000,140,40,0,0,0xea53b68f
1,31,23040015,2024042417382038927,1,1,9,101,1,1.5,0x1,0x1,132,0,0,2024042417382038927,0,180,20,2,100,0.000000,0.000000,0.000000,141,41,0,0,0x59c47d83
1,31,23040015,2024042417382048940,1,1,9,101,1,1.5,0x1,0x1,132,0,0,2024042417382048940,0,180,20,2,100,0.000000,0.000000,0.000000,142,42,0,0,0x99e8c273
1,31,23040015,2024042417382058954,1,1,9,101,1,1.5,0x1,0x1,132,0,0,2024042417382058954,0,180,20,2,100,0.000000,0.000000,0.000000,143,43,0,0,0x18f1573b
1,31,23040015,2024042417382068967,1,1,9,101,1,1.5,0x1,0x1,132,0,0,2024042417382068967,0,180,20,2,100,0.000000,0.000000,0.000000,144,44,0,0,0xe081c6e0
1,31,23040015,2024042417382078980,1,1,9,101,1,1.5,0x1,0x1,132,0,0,2024042417382078980,0,180,20,2,100,0.000000,0.000000,0.000000,145,45,0,0,0xa6c3adb8
1,31,23040015,2024042417382088996,1,1,9,101,1,1.5,0x1,0x1,132,0,0,2024042417382088996,0,180,20,2,100,0.000000,0.000000,0.000000,146,46,0,0,0xe470b799
1,31,23040015,2024042417382099010,1,1,9,101,1,1.5,0x1,0x1,132,0,0,2024042417382099010,0,180,20,2,100,0.000000,0.000000,0.000000,147,47,0,0,0xc0890bcd
1,31,23040015,2024042417382109023,1,1,9,101,1,1.5,0x1,0x1,132,0,0,2024042417382109023,0,180,20,2,100,0.000000,0.000000,0.000000,148,48,0,0,0x9f52a12e
1,31,23040015,2024042417382119036,1,1,9,101,1,1.5,0x1,0x1,132,0,0,2024042417382119036,0,180,20,2,100,0.000000,0.000000,0.000000,149,49,0,0,0x913f3c7c
1,31,23040015,2024042417382129049,1,1,9,101,1,1.5,0x1,0x1,132,0,0,2024042417382129049,0,180,20,2,100,0.000000,0.000000,0.000000,150,50,0,0,0xffb35d9b
1,31,23040015,2024042417382139062,1,1,9,101,1,1.5,0x1,0x1,132,0,0,2024042417382139062,0,180,20,2,100,0.000000,0.000000,0.000000,151,51,0,0,0xdde8edc
1,31,23040015,2024042417382149075,1,1,9,101,1,1.5,0x1,0x1,132,0,0,2024042417382149075,0,180,20,2,100,0.000000,0.000000,0.000000,152,52,0,0,0xfb74921e
1,31,23040015,2024042417382159089,1,1,9,101,1,1.5,0x1,0x1,132,0,0,2024042417382159089,0,180,20,2,100,0.000000,0.000000,0.000000,153,53,0,0,0xcb4a639a
1,31,23040015,2024042417382169101,1,1,9,101,1,1.5,0x1,0x1,132,0,0,2024042417382169101,0,180,20,2,100,0.000000,0.000000,0.000000,154,54,0,0,0x1827e51
1,31,23040015,2024042417382179114,1,1,9,101,1,1.5,0x1,0x1,132,0,0,2024042417382179114,0,180,20,2,100,0.000000,0.000000,0.000000,155,55,0,0,0xd7ac5bdf
1,31,23040015,2024042417382189127,1,1,9,101,1,1.5,0x1,0x1,132,0,0,2024042417382189127,0,180,20,2,100,0.000000,0.000000,0.000000,156,56,0,0,0x95b892b8
1,31,23040015,2024042417382199140,1,1,9,101,1,1.5,0x1,0x1,132,0,0,2024042417382199140,0,180,20,2,100,0.000000,0.000000,0.000000,157,57,0,0,0xd287d3ff
1,31,23040015,2024042417382209153,1,1,9,101,1,1.5,0x1,0x1,132,0,0,2024042417382209153,0,180,20,2,100,0.000000,0.000000,0.000000,158,58,0,0,0x44b1b55a
1,31,23040015,2024042417382219166,1,1,9,101,1,1.5,0x1,0x1,132,0,0,2024042417382219166,0,180,20,2,100,0.000000,0.000000,0.000000,159,59,0,0,0xf0587eb9
1,31,23040015,2024042417382229179,1,1,9,101,1,1.5,0x1,0x1,132,0,0,2024042417382229179,0,180,20,2,100,0.000000,0.000000,0.000000,160,60,0,0,0x2ee6ec1c
1,31,23040015,2024042417382239192,1,1,9,101,1,1.5,0x1,0x1,132,0,0,2024042417382239192,0,180,20,2,100,0.000000,0.000000,0.000000,161,61,0,0,0xd6a64b10
1,31,23040015,2024042417382249205,1,1,9,101,1,1.5,0x1,0x1,132,0,0,2024042417382249205,0,180,20,2,100,0.000000,0.000000,0.000000,162,62,0,0,0x962c6359
1,31,23040015,2024042417382259218,1,1,9,101,1,1.5,0x1,0x1,132,0,0,2024042417382259218,0,180,20,2,100,0.000000,0.000000,0.000000,163,63,0,0,0x7a0626e
1,31,23040015,2024042417382269232,1,1,9,101,1,1.5,0x1,0x1,132,0,0,2024042417382269232,0,180,20,2,100,0.000000,0.000000,0.000000,164,64,0,0,0xccc42111
1,31,23040015,2024042417382279245,1,1,9,101,1,1.5,0x1,0x1,132,0,0,2024042417382279245,0,180,20,2,100,0.000000,0.000000,0.000000,165,65,0,0,0x4d6fc34f
1,31,23040015,2024042417382289257,1,1,9,101,1,1.5,0x1,0x1,132,0,0,2024042417382289257,0,180,20,2,100,0.000000,0.000000,0.000000,166,66,0,0,0xf4f0e6e1
1,31,23040015,2024042417382299271,1,1,9,101,1,1.5,0x1,0x1,132,0,0,2024042417382299271,0,180,20,2,100,0.000000,0.000000,0.000000,167,67,0,0,0xd0593986
1,31,23040015,2024042417382309283,1,1,9,101,1,1.5,0x1,0x1,132,0,0,2024042417382309283,0,180,20,2,100,0.000000,0.000000,0.000000,168,68,0,0,0x86f34073
1,31,23040015,2024042417382319296,1,1,9,101,1,1.5,0x1,0x1,132,0,0,2024042417382319296,0,180,20,2,100,0.000000,0.000000,0.000000,169,69,0,0,0x3cc8dc05
1,31,23040015,2024042417382329309,1,1,9,101,1,1.5,0x1,0x1,132,0,0,2024042417382329309,0,180,20,2,100,0.000000,0.000000,0.000000,170,70,0,0,0x10c3e42d
1,31,23040015,2024042417382339322,1,1,9,101,1,1.5,0x1,0x1,132,0,0,2024042417382339322,0,180,20,2,100,0.000000,0.000000,0.000000,171,71,0,0,0x59a427ed
1,31,23040015,2024042417382349335,1,1,9,101,1,1.5,0x1,0x1,132,0,0,2024042417382349335,0,180,20,2,100,0.000000,0.000000,0.000000,172,72,0,0,0x10fecc55
1,31,23040015,2024042417382359348,1,1,9,101,1,1.5,0x1,0x1,132,0,0,2024042417382359348,0,180,20,2,100,0.000000,0.000000,0.000000,173,73,0,0,0x1b24423
1,31,23040015,2024042417382369361,1,1,9,101,1,1.5,0x1,0x1,132,0,0,2024042417382369361,0,180,20,2,100,0.000000,0.000000,0.000000,174,74,0,0,0xe6705edd
1,31,23040015,2024042417382379374,1,1,9,101,1,1.5,0x1,0x1,132,0,0,2024042417382379374,0,180,20,2,100,0.000000,0.000000,0.000000,175,75,0,0,0x114e6def
1,31,23040015,2024042417382389386,1,1,9,101,1,1.5,0x1,0x1,132,0,0,2024042417382389386,0,180,20,2,100,0.000000,0.000000,0.000000,176,76,0,0,0x6bec8548
1,31,23040015,2024042417382399399,1,1,9,101,1,1.5,0x1,0x1,132,0,0,2024042417382399399,0,180,20,2,100,0.000000,0.000000,0.000000,177,77,0,0,0x42be7e04
1,31,23040015,2024042417382409412,1,1,9,101,1,1.5,0x1,0x1,132,0,0,2024042417382409412,0,180,20,2,100,0.000000,0.000000,0.000000,178,78,0,0,0x931e598e
1,31,23040015,2024042417382419425,1,1,9,101,1,1.5,0x1,0x1,132,0,0,2024042417382419425,0,180,20,2,100,0.000000,0.000000,0.000000,179,79,0,0,0x2b43ba80
1,31,23040015,2024042417382429437,1,1,9,101,1,1.5,0x1,0x1,132,0,0,2024042417382429437,0,180,20,2,100,0.000000,0.000000,0.000000,180,80,0,0,0xec85c57b
1,31,23040015,2024042417382439469,1,1,9,101,1,1.5,0x1,0x1,132,0,0,2024042417382439469,0,180,20,2,100,0.000000,0.000000,0.000000,181,81,0,0,0x6312a91c
1,31,23040015,2024042417382449500,1,1,9,101,1,1.5,0x1,0x1,132,0,0,2024042417382449500,0,180,20,2,100,0.000000,0.000000,0.000000,182,82,0,0,0x7761d652
1,31,23040015,2024042417382459532,1,1,9,101,1,1.5,0x1,0x1,132,0,0,2024042417382459532,0,180,20,2,100,0.000000,0.000000,0.000000,183,83,0,0,0x2a58c7a5
1,31,23040015,2024042417382469564,1,1,9,101,1,1.5,0x1,0x1,132,0,0,2024042417382469564,0,180,20,2,100,0.000000,0.000000,0.000000,184,84,0,0,0x9f6c5ed
1,31,23040015,2024042417382479595,1,1,9,101,1,1.5,0x1,0x1,132,0,0,2024042417382479595,0,180,20,2,100,0.000000,0.000000,0.000000,185,85,0,0,0x20c443a9
1,31,23040015,2024042417382489627,1,1,9,101,1,1.5,0x1,0x1,132,0,0,2024042417382489627,0,180,20,2,100,0.000000,0.000000,0.000000,186,86,0,0,0xcc0ed80f
1,31,23040015,2024042417382499659,1,1,9,101,1,1.5,0x1,0x1,132,0,0,2024042417382499659,0,180,20,2,100,0.000000,0.000000,0.000000,187,87,0,0,0x1aaf630e
1,31,23040015,2024042417382509685,1,1,9,101,1,1.5,0x1,0x1,132,0,0,2024042417382509685,0,180,20,2,100,0.000000,0.000000,0.000000,188,88,0,0,0x18e04dec
1,31,23040015,2024042417382519710,1,1,9,101,1,1.5,0x1,0x1,132,0,0,2024042417382519710,0,180,20,2,100,0.000000,0.000000,0.000000,189,89,0,0,0xe5b94424
1,31,23040015,2024042417382529722,1,1,9,101,1,1.5,0x1,0x1,132,0,0,2024042417382529722,0,180,20,2,100,0.000000,0.000000,0.000000,190,90,0,0,0xd75dc5cd
1,31,23040015,2024042417382539748,1,1,9,101,1,1.5,0x1,0x1,132,0,0,2024042417382539748,0,180,20,2,100,0.000000,0.000000,0.000000,191,91,0,0,0x2b981b8e
1,31,23040015,2024042417382549773,1,1,9,101,1,1.5,0x1,0x1,132,0,0,2024042417382549773,0,180,20,2,100,0.000000,0.000000,0.000000,192,92,0,0,0x8fb1f40c
1,31,23040015,2024042417382559799,1,1,9,101,1,1.5,0x1,0x1,132,0,0,2024042417382559799,0,180,20,2,100,0.000000,0.000000,0.000000,193,93,0,0,0xa7984cb4
1,31,23040015,2024042417382569824,1,1,9,101,1,1.5,0x1,0x1,132,0,0,2024042417382569824,0,180,20,2,100,0.000000,0.000000,0.000000,194,94,0,0,0xc65ef65f
1,31,23040015,2024042417382579850,1,1,9,101,1,1.5,0x1,0x1,132,0,0,2024042417382579850,0,180,20,2,100,0.000000,0.000000,0.000000,195,95,0,0,0x72310598
1,31,23040015,2024042417382589876,1,1,9,101,1,1.5,0x1,0x1,132,0,0,2024042417382589876,0,180,20,2,100,0.000000,0.000000,0.000000,196,96,0,0,0xc3ceecd9
1,31,23040015,2024042417382599901,1,1,9,101,1,1.5,0x1,0x1,132,0,0,2024042417382599901,0,180,20,2,100,0.000000,0.000000,0.000000,197,97,0,0,0xecb4f52b
1,31,23040015,2024042417382609928,1,1,9,101,1,1.5,0x1,0x1,132,0,0,2024042417382609928,0,180,20,2,100,0.000000,0.000000,0.000000,198,98,0,0,0xb3c868a6
1,31,23040015,2024042417382619953,1,1,9,101,1,1.5,0x1,0x1,132,0,0,2024042417382619953,0,180,20,2,100,0.000000,0.000000,0.000000,199,99,0,0,0x416d9666
1,31,23040015,2024042417382629979,1,1,9,101,1,1.5,0x1,0x1,132,0,0,2024042417382629979,0,180,20,2,100,0.000000,0.000000,0.000000,200,100,0,0,0xfe3f1478
1,31,23040015,2024042417382640005,1,1,9,101,1,1.5,0x1,0x1,132,0,0,2024042417382640005,0,180,20,2,100,0.000000,0.000000,0.000000,201,1,0,0,0xfd807849
1,31,23040015,2024042417382650031,1,1,9,101,1,1.5,0x1,0x1,132,0,0,2024042417382650031,0,180,20,2,100,0.000000,0.000000,0.000000,202,2,0,0,0xd2c8e0ae
1,31,23040015,2024042417382660043,1,1,9,101,1,1.5,0x1,0x1,132,0,0,2024042417382660043,0,180,20,2,100,0.000000,0.000000,0.000000,203,3,0,0,0x7b7dbdc0
1,31,23040015,2024042417382670069,1,1,9,101,1,1.5,0x1,0x1,132,0,0,2024042417382670069,0,180,20,2,100,0.000000,0.000000,0.000000,204,4,0,0,0xeffad121
1,31,23040015,2024042417382680081,1,1,9,101,1,1.5,0x1,0x1,132,0,0,2024042417382680081,0,180,20,2,100,0.000000,0.000000,0.000000,205,5,0,0,0x314ddf26
1,31,23040015,2024042417382690093,1,1,9,101,1,1.5,0x1,0x1,132,0,0,2024042417382690093,0,180,20,2,100,0.000000,0.000000,0.000000,206,6,0,0,0xdbd40758
1,31,23040015,2024042417382700105,1,1,9,101,1,1.5,0x1,0x1,132,0,0,2024042417382700105,0,180,20,2,100,0.000000,0.000000,0.000000,207,7,0,0,0xabf7b2de
1,31,23040015,2024042417382710116,1,1,9,101,1,1.5,0x1,0x1,132,0,0,2024042417382710116,0,180,20,2,100,0.000000,0.000000,0.000000,208,8,0,0,0xd817ac99
1,31,23040015,2024042417382720128,1,1,9,101,1,1.5,0x1,0x1,132,0,0,2024042417382720128,0,180,20,2,100,0.000000,0.000000,0.000000,209,9,0,0,0x44caebf3
1,31,23040015,2024042417382730140,1,1,9,101,1,1.5,0x1,0x1,132,0,0,2024042417382730140,0,180,20,2,100,0.000000,0.000000,0.000000,210,10,0,0,0x23b4412d
1,31,23040015,2024042417382740153,1,1,9,101,1,1.5,0x1,0x1,132,0,0,2024042417382740153,0,180,20,2,100,0.000000,0.000000,0.000000,211,11,0,0,0x7c480007
1,31,23040015,2024042417382750165,1,1,9,101,1,1.5,0x1,0x1,132,0,0,2024042417382750165,0,180,20,2,100,0.000000,0.000000,0.000000,212,12,0,0,0x778118b4
1,31,23040015,2024042417382760177,1,1,9,101,1,1.5,0x1,0x1,132,0,0,2024042417382760177,0,180,20,2,100,0.000000,0.000000,0.000000,213,13,0,0,0xce381163
1,31,23040015,2024042417382770189,1,1,9,101,1,1.5,0x1,0x1,132,0,0,2024042417382770189,0,180,20,2,100,0.000000,0.000000,0.000000,214,14,0,0,0xe622d339
1,31,23040015,2024042417382780201,1,1,9,101,1,1.5,0x1,0x1,132,0,0,2024042417382780201,0,180,20,2,100,0.000000,0.000000,0.000000,215,15,0,0,0x7f37f987
1,31,23040015,2024042417382790214,1,1,9,101,1,1.5,0x1,0x1,132,0,0,2024042417382790214,0,180,20,2,100,0.000000,0.000000,0.000000,216,16,0,0,0xfca7e3ad
1,31,23040015,2024042417382800226,1,1,9,101,1,1.5,0x1,0x1,132,0,0,2024042417382800226,0,180,20,2,100,0.000000,0.000000,0.000000,217,17,0,0,0xea6d5888
1,31,23040015,2024042417382810239,1,1,9,101,1,1.5,0x1,0x1,132,0,0,2024042417382810239,0,180,20,2,100,0.000000,0.000000,0.000000,218,18,0,0,0xee20009c
1,31,23040015,2024042417382820251,1,1,9,101,1,1.5,0x1,0x1,132,0,0,2024042417382820251,0,180,20,2,100,0.000000,0.000000,0.000000,219,19,0,0,0xc081bc31
1,31,23040015,2024042417382830263,1,1,9,101,1,1.5,0x1,0x1,132,0,0,2024042417382830263,0,180,20,2,100,0.000000,0.000000,0.000000,220,20,0,0,0x696f8f56
1,31,23040015,2024042417382840275,1,1,9,101,1,1.5,0x1,0x1,132,0,0,2024042417382840275,0,180,20,2,100,0.000000,0.000000,0.000000,221,21,0,0,0x3a23bd83
1,31,23040015,2024042417382850287,1,1,9,101,1,1.5,0x1,0x1,132,0,0,2024042417382850287,0,180,20,2,100,0.000000,0.000000,0.000000,222,22,0,0,0xffcc108d
1,31,23040015,2024042417382860299,1,1,9,101,1,1.5,0x1,0x1,132,0,0,2024042417382860299,0,180,20,2,100,0.000000,0.000000,0.000000,223,23,0,0,0xdb827131
1,31,23040015,2024042417382870312,1,1,9,101,1,1.5,0x1,0x1,132,0,0,2024042417382870312,0,180,20,2,100,0.000000,0.000000,0.000000,224,24,0,0,0x15fe8b77
1,31,23040015,2024042417382880324,1,1,9,101,1,1.5,0x1,0x1,132,0,0,2024042417382880324,0,180,20,2,100,0.000000,0.000000,0.000000,225,25,0,0,0x1130ec6e
1,31,23040015,2024042417382890336,1,1,9,101,1,1.5,0x1,0x1,132,0,0,2024042417382890336,0,180,20,2,100,0.000000,0.000000,0.000000,226,26,0,0,0xec091fdd
1,31,23040015,2024042417382900348,1,1,9,101,1,1.5,0x1,0x1,132,0,0,2024042417382900348,0,180,20,2,100,0.000000,0.000000,0.000000,227,27,0,0,0x2d48a41e
1,31,23040015,2024042417382910361,1,1,9,101,1,1.5,0x1,0x1,132,0,0,2024042417382910361,0,180,20,2,100,0.000000,0.000000,0.000000,228,28,0,0,0x94f3b201
1,31,23040015,2024042417382920373,1,1,9,101,1,1.5,0x1,0x1,132,0,0,2024042417382920373,0,180,20,2,100,0.000000,0.000000,0.000000,229,29,0,0,0xeb8c1624
1,31,23040015,2024042417382930385,1,1,9,101,1,1.5,0x1,0x1,132,0,0,2024042417382930385,0,180,20,2,100,0.000000,0.000000,0.000000,230,30,0,0,0x439fabf0
1,31,23040015,2024042417382940413,1,1,9,101,1,1.5,0x1,0x1,132,0,0,2024042417382940413,0,180,20,2,100,0.000000,0.000000,0.000000,231,31,0,0,0x94f42cc1
1,31,23040015,2024042417382950440,1,1,9,101,1,1.5,0x1,0x1,132,0,0,2024042417382950440,0,180,20,2,100,0.000000,0.000000,0.000000,232,32,0,0,0xcdb68a3f
1,31,23040015,2024042417382960468,1,1,9,101,1,1.5,0x1,0x1,132,0,0,2024042417382960468,0,180,20,2,100,0.000000,0.000000,0.000000,233,33,0,0,0xd8194f5a
1,31,23040015,2024042417382970494,1,1,9,101,1,1.5,0x1,0x1,132,0,0,2024042417382970494,0,180,20,2,100,0.000000,0.000000,0.000000,234,34,0,0,0x6795e340
1,31,23040015,2024042417382980522,1,1,9,101,1,1.5,0x1,0x1,132,0,0,2024042417382980522,0,180,20,2,100,0.000000,0.000000,0.000000,235,35,0,0,0xa2d719e8
1,31,23040015,2024042417382990549,1,1,9,101,1,1.5,0x1,0x1,132,0,0,2024042417382990549,0,180,20,2,100,0.000000,0.000000,0.000000,236,36,0,0,0x14413bef
1,31,23040015,2024042417383000576,1,1,9,101,1,1.5,0x1,0x1,132,0,0,2024042417383000576,0,180,20,2,100,0.000000,0.000000,0.000000,237,37,0,0,0x724b5131
1,31,23040015,2024042417383010603,1,1,9,101,1,1.5,0x1,0x1,132,0,0,2024042417383010603,0,180,20,2,100,0.000000,0.000000,0.000000,238,38,0,0,0x59c3da10
1,31,23040015,2024042417383020631,1,1,9,101,1,1.5,0x1,0x1,132,0,0,2024042417383020631,0,180,20,2,100,0.000000,0.000000,0.000000,239,39,0,0,0x53a96478
1,31,23040015,2024042417383030659,1,1,9,101,1,1.5,0x1,0x1,132,0,0,2024042417383030659,0,180,20,2,100,0.000000,0.000000,0.000000,240,40,0,0,0x7db1a08c
1,31,23040015,2024042417383040686,1,1,9,101,1,1.5,0x1,0x1,132,0,0,2024042417383040686,0,180,20,2,100,0.000000,0.000000,0.000000,241,41,0,0,0xf37aaa67
1,31,23040015,2024042417383050714,1,1,9,101,1,1.5,0x1,0x1,132,0,0,2024042417383050714,0,180,20,2,100,0.000000,0.000000,0.000000,242,42,0,0,0x939e5d27
1,31,23040015,2024042417383060726,1,1,9,101,1,1.5,0x1,0x1,132,0,0,2024042417383060726,0,180,20,2,100,0.000000,0.000000,0.000000,243,43,0,0,0x86dca244
1,31,23040015,2024042417383070753,1,1,9,101,1,1.5,0x1,0x1,132,0,0,2024042417383070753,0,180,20,2,100,0.000000,0.000000,0.000000,244,44,0,0,0xda25b289
1,31,23040015,2024042417383080781,1,1,9,101,1,1.5,0x1,0x1,132,0,0,2024042417383080781,0,180,20,2,100,0.000000,0.000000,0.000000,245,45,0,0,0xdb98a825
1,31,23040015,2024042417383090808,1,1,9,101,1,1.5,0x1,0x1,132,0,0,2024042417383090808,0,180,20,2,100,0.000000,0.000000,0.000000,246,46,0,0,0xc40d8f9f
1,31,23040015,2024042417383100835,1,1,9,101,1,1.5,0x1,0x1,132,0,0,2024042417383100835,0,180,20,2,100,0.000000,0.000000,0.000000,247,47,0,0,0xc752ca32
1,31,23040015,2024042417383110863,1,1,9,101,1,1.5,0x1,0x1,132,0,0,2024042417383110863,0,180,20,2,100,0.000000,0.000000,0.000000,248,48,0,0,0x54da29cd
1,31,23040015,2024042417383120891,1,1,9,101,1,1.5,0x1,0x1,132,0,0,2024042417383120891,0,180,20,2,100,0.000000,0.000000,0.000000,249,49,0,0,0x53849e7
1,31,23040015,2024042417383130918,1,1,9,101,1,1.5,0x1,0x1,132,0,0,2024042417383130918,0,180,20,2,100,0.000000,0.000000,0.000000,250,50,0,0,0x8b739fab
1,31,23040015,2024042417383140946,1,1,9,101,1,1.5,0x1,0x1,132,0,0,2024042417383140946,0,180,20,2,100,0.000000,0.000000,0.000000,251,51,0,0,0x4066c3bc
1,31,23040015,2024042417383150973,1,1,9,101,1,1.5,0x1,0x1,132,0,0,2024042417383150973,0,180,20,2,100,0.000000,0.000000,0.000000,252,52,0,0,0xeb7fa660
1,31,23040015,2024042417383161001,1,1,9,101,1,1.5,0x1,0x1,132,0,0,2024042417383161001,0,180,20,2,100,0.000000,0.000000,0.000000,253,53,0,0,0xbb586be
1,31,23040015,2024042417383171028,1,1,9,101,1,1.5,0x1,0x1,132,0,0,2024042417383171028,0,180,20,2,100,0.000000,0.000000,0.000000,254,54,0,0,0x333ad09b
1,31,23040015,2024042417383181056,1,1,9,101,1,1.5,0x1,0x1,132,0,0,2024042417383181056,0,180,20,2,100,0.000000,0.000000,0.000000,255,55,0,0,0x15e8dd5
1,31,23040015,2024042417383191083,1,1,9,101,1,1.5,0x1,0x1,132,0,0,2024042417383191083,0,180,20,2,100,0.000000,0.000000,0.000000,256,56,0,0,0x18c95655
1,31,23040015,2024042417383201111,1,1,9,101,1,1.5,0x1,0x1,132,0,0,2024042417383201111,0,180,20,2,100,0.000000,0.000000,0.000000,257,57,0,0,0x9da2a7cd
1,31,23040015,2024042417383211138,1,1,9,101,1,1.5,0x1,0x1,132,0,0,2024042417383211138,0,180,20,2,100,0.000000,0.000000,0.000000,258,58,0,0,0xca728fa8
1,31,23040015,2024042417383221166,1,1,9,101,1,1.5,0x1,0x1,132,0,0,2024042417383221166,0,180,20,2,100,0.000000,0.000000,0.000000,259,59,0,0,0x6c9bc365
1,31,23040015,2024042417383231193,1,1,9,101,1,1.5,0x1,0x1,132,0,0,2024042417383231193,0,180,20,2,100,0.000000,0.000000,0.000000,260,60,0,0,0xa32e89b7
1,31,23040015,2024042417383241223,1,1,9,101,1,1.5,0x1,0x1,132,0,0,2024042417383241223,0,180,20,2,100,0.000000,0.000000,0.000000,261,61,0,0,0x5b28a798
1,31,23040015,2024042417383251250,1,1,9,101,1,1.5,0x1,0x1,132,0,0,2024042417383251250,0,180,20,2,100,0.000000,0.000000,0.000000,262,62,0,0,0x84d79089
1,31,23040015,2024042417383261278,1,1,9,101,1,1.5,0x1,0x1,132,0,0,2024042417383261278,0,180,20,2,100,0.000000,0.000000,0.000000,263,63,0,0,0xb5075a33
1,31,23040015,2024042417383271305,1,1,9,101,1,1.5,0x1,0x1,132,0,0,2024042417383271305,0,180,20,2,100,0.000000,0.000000,0.000000,264,64,0,0,0xb574eae6
1,31,23040015,2024042417383281333,1,1,9,101,1,1.5,0x1,0x1,132,0,0,2024042417383281333,0,180,20,2,100,0.000000,0.000000,0.000000,265,65,0,0,0xc316d83f
1,31,23040015,2024042417383291360,1,1,9,101,1,1.5,0x1,0x1,132,0,0,2024042417383291360,0,180,20,2,100,0.000000,0.000000,0.000000,266,66,0,0,0x6f9e602f
1,31,23040015,2024042417383301388,1,1,9,101,1,1.5,0x1,0x1,132,0,0,2024042417383301388,0,180,20,2,100,0.000000,0.000000,0.000000,267,67,0,0,0xc5c4bcb7
1,31,23040015,2024042417383311416,1,1,9,101,1,1.5,0x1,0x1,132,0,0,2024042417383311416,0,180,20,2,100,0.000000,0.000000,0.000000,268,68,0,0,0xc9ccef98
1,31,23040015,2024042417383321444,1,1,9,101,1,1.5,0x1,0x1,132,0,0,2024042417383321444,0,180,20,2,100,0.000000,0.000000,0.000000,269,69,0,0,0x9fb4d22c
1,31,23040015,2024042417383331472,1,1,9,101,1,1.5,0x1,0x1,132,0,0,2024042417383331472,0,180,20,2,100,0.000000,0.000000,0.000000,270,70,0,0,0xde0a7d61
1,31,23040015,2024042417383341500,1,1,9,101,1,1.5,0x1,0x1,132,0,0,2024042417383341500,0,180,20,2,100,0.000000,0.000000,0.000000,271,71,0,0,0x33f28540
1,31,23040015,2024042417383351528,1,1,9,101,1,1.5,0x1,0x1,132,0,0,2024042417383351528,0,180,20,2,100,0.000000,0.000000,0.000000,272,72,0,0,0xada3652d
1,31,23040015,2024042417383361555,1,1,9,101,1,1.5,0x1,0x1,132,0,0,2024042417383361555,0,180,20,2,100,0.000000,0.000000,0.000000,273,73,0,0,0xe6134d29
1,31,23040015,2024042417383371583,1,1,9,101,1,1.5,0x1,0x1,132,0,0,2024042417383371583,0,180,20,2,100,0.000000,0.000000,0.000000,274,74,0,0,0xbd42d3c0
1,31,23040015,2024042417383381611,1,1,9,101,1,1.5,0x1,0x1,132,0,0,2024042417383381611,0,180,20,2,100,0.000000,0.000000,0.000000,275,75,0,0,0x14ac98ac
1,31,23040015,2024042417383391640,1,1,9,101,1,1.5,0x1,0x1,132,0,0,2024042417383391640,0,180,20,2,100,0.000000,0.000000,0.000000,276,76,0,0,0x72ae16f9
1,31,23040015,2024042417383401667,1,1,9,101,1,1.5,0x1,0x1,132,0,0,2024042417383401667,0,180,20,2,100,0.000000,0.000000,0.000000,277,77,0,0,0x3a96501f
1,31,23040015,2024042417383411696,1,1,9,101,1,1.5,0x1,0x1,132,0,0,2024042417383411696,0,180,20,2,100,0.000000,0.000000,0.000000,278,78,0,0,0x15bca7b6
1,31,23040015,2024042417383421724,1,1,9,101,1,1.5,0x1,0x1,132,0,0,2024042417383421724,0,180,20,2,100,0.000000,0.000000,0.000000,279,79,0,0,0x8af8d68d
1,31,23040015,2024042417383431752,1,1,9,101,1,1.5,0x1,0x1,132,0,0,2024042417383431752,0,180,20,2,100,0.000000,0.000000,0.000000,280,80,0,0,0x1c443a13
1,31,23040015,2024042417383441763,1,1,9,101,1,1.5,0x1,0x1,132,0,0,2024042417383441763,0,180,20,2,100,0.000000,0.000000,0.000000,281,81,0,0,0x93b0c8d6
1,31,23040015,2024042417383451791,1,1,9,101,1,1.5,0x1,0x1,132,0,0,2024042417383451791,0,180,20,2,100,0.000000,0.000000,0.000000,282,82,0,0,0x8d116868
1,31,23040015,2024042417383461803,1,1,9,101,1,1.5,0x1,0x1,132,0,0,2024042417383461803,0,180,20,2,100,0.000000,0.000000,0.000000,283,83,0,0,0x59f2ab1f
1,31,23040015,2024042417383471831,1,1,9,101,1,1.5,0x1,0x1,132,0,0,2024042417383471831,0,180,20,2,100,0.000000,0.000000,0.000000,284,84,0,0,0x5aa6e993
1,31,23040015,2024042417383481859,1,1,9,101,1,1.5,0x1,0x1,132,0,0,2024042417383481859,0,180,20,2,100,0.000000,0.000000,0.000000,285,85,0,0,0x70e904f7
1,31,23040015,2024042417383491887,1,1,9,101,1,1.5,0x1,0x1,132,0,0,2024042417383491887,0,180,20,2,100,0.000000,0.000000,0.000000,286,86,0,0,0x664e73d7
1,31,23040015,2024042417383501915,1,1,9,101,1,1.5,0x1,0x1,132,0,0,2024042417383501915,0,180,20,2,100,0.000000,0.000000,0.000000,287,87,0,0,0xffb6636f
1,31,23040015,2024042417383511943,1,1,9,101,1,1.5,0x1,0x1,132,0,0,2024042417383511943,0,180,20,2,100,0.000000,0.000000,0.000000,288,88,0,0,0xd841553f
1,31,23040015,2024042417383521972,1,1,9,101,1,1.5,0x1,0x1,132,0,0,2024042417383521972,0,180,20,2,100,0.000000,0.000000,0.000000,289,89,0,0,0xfdde1501
1,31,23040015,2024042417383532001,1,1,9,101,1,1.5,0x1,0x1,132,0,0,2024042417383532001,0,180,20,2,100,0.000000,0.000000,0.000000,290,90,0,0,0x36a54c1d
1,31,23040015,2024042417383542030,1,1,9,101,1,1.5,0x1,0x1,132,0,0,2024042417383542030,0,180,20,2,100,0.000000,0.000000,0.000000,291,91,0,0,0x4c18c0ed
1,31,23040015,2024042417383552058,1,1,9,101,1,1.5,0x1,0x1,132,0,0,2024042417383552058,0,180,20,2,100,0.000000,0.000000,0.000000,292,92,0,0,0x78c0842b
1,31,23040015,2024042417383562087,1,1,9,101,1,1.5,0x1,0x1,132,0,0,2024042417383562087,0,180,20,2,100,0.000000,0.000000,0.000000,293,93,0,0,0xd425f03e
1,31,23040015,2024042417383572115,1,1,9,101,1,1.5,0x1,0x1,132,0,0,2024042417383572115,0,180,20,2,100,0.000000,0.000000,0.000000,294,94,0,0,0xcab8a996
1,31,23040015,2024042417383582143,1,1,9,101,1,1.5,0x1,0x1,132,0,0,2024042417383582143,0,180,20,2,100,0.000000,0.000000,0.000000,295,95,0,0,0x274051b7
1,31,23040015,2024042417383592172,1,1,9,101,1,1.5,0x1,0x1,132,0,0,2024042417383592172,0,180,20,2,100,0.000000,0.000000,0.000000,296,96,0,0,0x426ae2d
1,31,23040015,2024042417383602201,1,1,9,101,1,1.5,0x1,0x1,132,0,0,2024042417383602201,0,180,20,2,100,0.000000,0.000000,0.000000,297,97,0,0,0xfa2ebc33
1,31,23040015,2024042417383612230,1,1,9,101,1,1.5,0x1,0x1,132,0,0,2024042417383612230,0,180,20,2,100,0.000000,0.000000,0.000000,298,98,0,0,0x6a24eada
1,31,23040015,2024042417383622258,1,1,9,101,1,1.5,0x1,0x1,132,0,0,2024042417383622258,0,180,20,2,100,0.000000,0.000000,0.000000,299,99,0,0,0xd74ecfbb
1,31,23040015,2024042417383632287,1,1,9,101,1,1.5,0x1,0x1,132,0,0,2024042417383632287,0,180,20,2,100,0.000000,0.000000,0.000000,300,100,0,0,0x1a180b3b
1,31,23040015,2024042417383642315,1,1,9,101,1,1.5,0x1,0x1,132,0,0,2024042417383642315,0,180,20,2,100,0.000000,0.000000,0.000000,301,1,0,0,0xca4f5b8f
1,31,23040015,2024042417383652344,1,1,9,101,1,1.5,0x1,0x1,132,0,0,2024042417383652344,0,180,20,2,100,0.000000,0.000000,0.000000,302,2,0,0,0xa1c37a3b
1,31,23040015,2024042417383662372,1,1,9,101,1,1.5,0x1,0x1,132,0,0,2024042417383662372,0,180,20,2,100,0.000000,0.000000,0.000000,303,3,0,0,0xea844fa0
1,31,23040015,2024042417383672401,1,1,9,101,1,1.5,0x1,0x1,132,0,0,2024042417383672401,0,180,20,2,100,0.000000,0.000000,0.000000,304,4,0,0,0x26f6d523
1,31,23040015,2024042417383682429,1,1,9,101,1,1.5,0x1,0x1,132,0,0,2024042417383682429,0,180,20,2,100,0.000000,0.000000,0.000000,305,5,0,0,0x99e361ad
1,31,23040015,2024042417383692458,1,1,9,101,1,1.5,0x1,0x1,132,0,0,2024042417383692458,0,180,20,2,100,0.000000,0.000000,0.000000,306,6,0,0,0xaabe204e
1,31,23040015,2024042417383702486,1,1,9,101,1,1.5,0x1,0x1,132,0,0,2024042417383702486,0,180,20,2,100,0.000000,0.000000,0.000000,307,7,0,0,0xf40051c7
1,31,23040015,2024042417383712515,1,1,9,101,1,1.5,0x1,0x1,132,0,0,2024042417383712515,0,180,20,2,100,0.000000,0.000000,0.000000,308,8,0,0,0x25643ba9
1,31,23040015,2024042417383722527,1,1,9,101,1,1.5,0x1,0x1,132,0,0,2024042417383722527,0,180,20,2,100,0.000000,0.000000,0.000000,309,9,0,0,0x1312559b
1,31,23040015,2024042417383732556,1,1,9,101,1,1.5,0x1,0x1,132,0,0,2024042417383732556,0,180,20,2,100,0.000000,0.000000,0.000000,310,10,0,0,0xbce67d5c
1,31,23040015,2024042417383742616,1,1,9,101,1,1.5,0x1,0x1,132,0,0,2024042417383742616,0,180,20,2,100,0.000000,0.000000,0.000000,311,11,0,0,0xd90d631f
1,31,23040015,2024042417383752629,1,1,9,101,1,1.5,0x1,0x1,132,0,0,2024042417383752629,0,180,20,2,100,0.000000,0.000000,0.000000,312,12,0,0,0xbdf1e0c9
1,31,23040015,2024042417383762640,1,1,9,101,1,1.5,0x1,0x1,132,0,0,2024042417383762640,0,180,20,2,100,0.000000,0.000000,0.000000,313,13,0,0,0x31a841cb
1,31,23040015,2024042417383772651,1,1,9,101,1,1.5,0x1,0x1,132,0,0,2024042417383772651,0,180,20,2,100,0.000000,0.000000,0.000000,314,14,0,0,0x99c63492
1,31,23040015,2024042417383782661,1,1,9,101,1,1.5,0x1,0x1,132,0,0,2024042417383782661,0,180,20,2,100,0.000000,0.000000,0.000000,315,15,0,0,0xd230bf11
1,31,23040015,2024042417383792671,1,1,9,101,1,1.5,0x1,0x1,132,0,0,2024042417383792671,0,180,20,2,100,0.000000,0.000000,0.000000,316,16,0,0,0xf4588fac
1,31,23040015,2024042417383802682,1,1,9,101,1,1.5,0x1,0x1,132,0,0,2024042417383802682,0,180,20,2,100,0.000000,0.000000,0.000000,317,17,0,0,0x2302151
1,31,23040015,2024042417383812692,1,1,9,101,1,1.5,0x1,0x1,132,0,0,2024042417383812692,0,180,20,2,100,0.000000,0.000000,0.000000,318,18,0,0,0xb9d7070c
1,31,23040015,2024042417383822702,1,1,9,101,1,1.5,0x1,0x1,132,0,0,2024042417383822702,0,180,20,2,100,0.000000,0.000000,0.000000,319,19,0,0,0x2e4cfe39
1,31,23040015,2024042417383832712,1,1,9,101,1,1.5,0x1,0x1,132,0,0,2024042417383832712,0,180,20,2,100,0.000000,0.000000,0.000000,320,20,0,0,0xb91d61a1
1,31,23040015,2024042417383842723,1,1,9,101,1,1.5,0x1,0x1,132,0,0,2024042417383842723,0,180,20,2,100,0.000000,0.000000,0.000000,321,21,0,0,0xb93602ff
1,31,23040015,2024042417383852734,1,1,9,101,1,1.5,0x1,0x1,132,0,0,2024042417383852734,0,180,20,2,100,0.000000,0.000000,0.000000,322,22,0,0,0x4a4c8f1a
1,31,23040015,2024042417383862744,1,1,9,101,1,1.5,0x1,0x1,132,0,0,2024042417383862744,0,180,20,2,100,0.000000,0.000000,0.000000,323,23,0,0,0x1667c766
1,31,23040015,2024042417383872755,1,1,9,101,1,1.5,0x1,0x1,132,0,0,2024042417383872755,0,180,20,2,100,0.000000,0.000000,0.000000,324,24,0,0,0x914f749e
1,31,23040015,2024042417383882765,1,1,9,101,1,1.5,0x1,0x1,132,0,0,2024042417383882765,0,180,20,2,100,0.000000,0.000000,0.000000,325,25,0,0,0x5491bb2f
1,31,23040015,2024042417383892775,1,1,9,101,1,1.5,0x1,0x1,132,0,0,2024042417383892775,0,180,20,2,100,0.000000,0.000000,0.000000,326,26,0,0,0xc8729066
1,31,23040015,2024042417383902785,1,1,9,101,1,1.5,0x1,0x1,132,0,0,2024042417383902785,0,180,20,2,100,0.000000,0.000000,0.000000,327,27,0,0,0x6de841e
1,31,23040015,2024042417383912796,1,1,9,101,1,1.5,0x1,0x1,132,0,0,2024042417383912796,0,180,20,2,100,0.000000,0.000000,0.000000,328,28,0,0,0x39fed2f3
1,31,23040015,2024042417383922806,1,1,9,101,1,1.5,0x1,0x1,132,0,0,2024042417383922806,0,180,20,2,100,0.000000,0.000000,0.000000,329,29,0,0,0xbf0489ba
1,31,23040015,2024042417383932816,1,1,9,101,1,1.5,0x1,0x1,132,0,0,2024042417383932816,0,180,20,2,100,0.000000,0.000000,0.000000,330,30,0,0,0x1c0b161
1,31,23040015,2024042417383942827,1,1,9,101,1,1.5,0x1,0x1,132,0,0,2024042417383942827,0,180,20,2,100,0.000000,0.000000,0.000000,331,31,0,0,0x50b223c0
1,31,23040015,2024042417383952837,1,1,9,101,1,1.5,0x1,0x1,132,0,0,2024042417383952837,0,180,20,2,100,0.000000,0.000000,0.000000,332,32,0,0,0x46390120
1,31,23040015,2024042417383962848,1,1,9,101,1,1.5,0x1,0x1,132,0,0,2024042417383962848,0,180,20,2,100,0.000000,0.000000,0.000000,333,33,0,0,0xdbec3858
1,31,23040015,2024042417383972858,1,1,9,101,1,1.5,0x1,0x1,132,0,0,2024042417383972858,0,180,20,2,100,0.000000,0.000000,0.000000,334,34,0,0,0xcc2fa154
1,31,23040015,2024042417383982869,1,1,9,101,1,1.5,0x1,0x1,132,0,0,2024042417383982869,0,180,20,2,100,0.000000,0.000000,0.000000,335,35,0,0,0x4ebd93f0
1,31,23040015,2024042417383992879,1,1,9,101,1,1.5,0x1,0x1,132,0,0,2024042417383992879,0,180,20,2,100,0.000000,0.000000,0.000000,336,36,0,0,0x98c034af
1,31,23040015,2024042417384002889,1,1,9,101,1,1.5,0x1,0x1,132,0,0,2024042417384002889,0,180,20,2,100,0.000000,0.000000,0.000000,337,37,0,0,0x41ca424e
1,31,23040015,2024042417384012899,1,1,9,101,1,1.5,0x1,0x1,132,0,0,2024042417384012899,0,180,20,2,100,0.000000,0.000000,0.000000,338,38,0,0,0x3c6f9606
1,31,23040015,2024042417384022910,1,1,9,101,1,1.5,0x1,0x1,132,0,0,2024042417384022910,0,180,20,2,100,0.000000,0.000000,0.000000,339,39,0,0,0x7631af98
1,31,23040015,2024042417384032920,1,1,9,101,1,1.5,0x1,0x1,132,0,0,2024042417384032920,0,180,20,2,100,0.000000,0.000000,0.000000,340,40,0,0,0x212431ee
1,31,23040015,2024042417384042930,1,1,9,101,1,1.5,0x1,0x1,132,0,0,2024042417384042930,0,180,20,2,100,0.000000,0.000000,0.000000,341,41,0,0,0xcfa05918
1,31,23040015,2024042417384052941,1,1,9,101,1,1.5,0x1,0x1,132,0,0,2024042417384052941,0,180,20,2,100,0.000000,0.000000,0.000000,342,42,0,0,0xa3cfb6ad
1,31,23040015,2024042417384062951,1,1,9,101,1,1.5,0x1,0x1,132,0,0,2024042417384062951,0,180,20,2,100,0.000000,0.000000,0.000000,343,43,0,0,0x54b72618
1,31,23040015,2024042417384072961,1,1,9,101,1,1.5,0x1,0x1,132,0,0,2024042417384072961,0,180,20,2,100,0.000000,0.000000,0.000000,344,44,0,0,0x9211d34f
1,31,23040015,2024042417384082971,1,1,9,101,1,1.5,0x1,0x1,132,0,0,2024042417384082971,0,180,20,2,100,0.000000,0.000000,0.000000,345,45,0,0,0xf5f66105
1,31,23040015,2024042417384092981,1,1,9,101,1,1.5,0x1,0x1,132,0,0,2024042417384092981,0,180,20,2,100,0.000000,0.000000,0.000000,346,46,0,0,0xa727d860
1,31,23040015,2024042417384102993,1,1,9,101,1,1.5,0x1,0x1,132,0,0,2024042417384102993,0,180,20,2,100,0.000000,0.000000,0.000000,347,47,0,0,0xefd47a0f
1,31,23040015,2024042417384113004,1,1,9,101,1,1.5,0x1,0x1,132,0,0,2024042417384113004,0,180,20,2,100,0.000000,0.000000,0.000000,348,48,0,0,0x1bf458aa
1,31,23040015,2024042417384123015,1,1,9,101,1,1.5,0x1,0x1,132,0,0,2024042417384123015,0,180,20,2,100,0.000000,0.000000,0.000000,349,49,0,0,0x91c8c7bb
1,31,23040015,2024042417384133025,1,1,9,101,1,1.5,0x1,0x1,132,0,0,2024042417384133025,0,180,20,2,100,0.000000,0.000000,0.000000,350,50,0,0,0x32d592dc
1,31,23040015,2024042417384143035,1,1,9,101,1,1.5,0x1,0x1,132,0,0,2024042417384143035,0,180,20,2,100,0.000000,0.000000,0.000000,351,51,0,0,0xc5f6146b
1,31,23040015,2024042417384153046,1,1,9,101,1,1.5,0x1,0x1,132,0,0,2024042417384153046,0,180,20,2,100,0.000000,0.000000,0.000000,352,52,0,0,0x7267baa2
1,31,23040015,2024042417384163056,1,1,9,101,1,1.5,0x1,0x1,132,0,0,2024042417384163056,0,180,20,2,100,0.000000,0.000000,0.000000,353,53,0,0,0x5a70e351
1,31,23040015,2024042417384173066,1,1,9,101,1,1.5,0x1,0x1,132,0,0,2024042417384173066,0,180,20,2,100,0.000000,0.000000,0.000000,354,54,0,0,0x44081c7f
1,31,23040015,2024042417384183076,1,1,9,101,1,1.5,0x1,0x1,132,0,0,2024042417384183076,0,180,20,2,100,0.000000,0.000000,0.000000,355,55,0,0,0xed862a1b
1,31,23040015,2024042417384193086,1,1,9,101,1,1.5,0x1,0x1,132,0,0,2024042417384193086,0,180,20,2,100,0.000000,0.000000,0.000000,356,56,0,0,0xa0051656
1,31,23040015,2024042417384203097,1,1,9,101,1,1.5,0x1,0x1,132,0,0,2024042417384203097,0,180,20,2,100,0.000000,0.000000,0.000000,357,57,0,0,0xf8d4fdae
1,31,23040015,2024042417384213107,1,1,9,101,1,1.5,0x1,0x1,132,0,0,2024042417384213107,0,180,20,2,100,0.000000,0.000000,0.000000,358,58,0,0,0x15b51d1b
1,31,23040015,2024042417384223117,1,1,9,101,1,1.5,0x1,0x1,132,0,0,2024042417384223117,0,180,20,2,100,0.000000,0.000000,0.000000,359,59,0,0,0xf7b11232
1,31,23040015,2024042417384233128,1,1,9,101,1,1.5,0x1,0x1,132,0,0,2024042417384233128,0,180,20,2,100,0.000000,0.000000,0.000000,360,60,0,0,0xcfe62347
1,31,23040015,2024042417384243138,1,1,9,101,1,1.5,0x1,0x1,132,0,0,2024042417384243138,0,180,20,2,100,0.000000,0.000000,0.000000,361,61,0,0,0x29122b88
1,31,23040015,2024042417384253148,1,1,9,101,1,1.5,0x1,0x1,132,0,0,2024042417384253148,0,180,20,2,100,0.000000,0.000000,0.000000,362,62,0,0,0x5979da0
1,31,23040015,2024042417384263159,1,1,9,101,1,1.5,0x1,0x1,132,0,0,2024042417384263159,0,180,20,2,100,0.000000,0.000000,0.000000,363,63,0,0,0x9248df4f
1,31,23040015,2024042417384273169,1,1,9,101,1,1.5,0x1,0x1,132,0,0,2024042417384273169,0,180,20,2,100,0.000000,0.000000,0.000000,364,64,0,0,0x6154f1f2
1,31,23040015,2024042417384283179,1,1,9,101,1,1.5,0x1,0x1,132,0,0,2024042417384283179,0,180,20,2,100,0.000000,0.000000,0.000000,365,65,0,0,0xe750f85
1,31,23040015,2024042417384293190,1,1,9,101,1,1.5,0x1,0x1,132,0,0,2024042417384293190,0,180,20,2,100,0.000000,0.000000,0.000000,366,66,0,0,0x25d89325
1,31,23040015,2024042417384303200,1,1,9,101,1,1.5,0x1,0x1,132,0,0,2024042417384303200,0,180,20,2,100,0.000000,0.000000,0.000000,367,67,0,0,0x90c54461
1,31,23040015,2024042417384313210,1,1,9,101,1,1.5,0x1,0x1,132,0,0,2024042417384313210,0,180,20,2,100,0.000000,0.000000,0.000000,368,68,0,0,0x26009cbc
1,31,23040015,2024042417384323221,1,1,9,101,1,1.5,0x1,0x1,132,0,0,2024042417384323221,0,180,20,2,100,0.000000,0.000000,0.000000,369,69,0,0,0x7bf269c2
1,31,23040015,2024042417384333231,1,1,9,101,1,1.5,0x1,0x1,132,0,0,2024042417384333231,0,180,20,2,100,0.000000,0.000000,0.000000,370,70,0,0,0x84318f31
1,31,23040015,2024042417384343241,1,1,9,101,1,1.5,0x1,0x1,132,0,0,2024042417384343241,0,180,20,2,100,0.000000,0.000000,0.000000,371,71,0,0,0x47532103
1,31,23040015,2024042417384353252,1,1,9,101,1,1.5,0x1,0x1,132,0,0,2024042417384353252,0,180,20,2,100,0.000000,0.000000,0.000000,372,72,0,0,0xbe9c3bf3
1,31,23040015,2024042417384363263,1,1,9,101,1,1.5,0x1,0x1,132,0,0,2024042417384363263,0,180,20,2,100,0.000000,0.000000,0.000000,373,73,0,0,0xdff8f286
1,31,23040015,2024042417384373273,1,1,9,101,1,1.5,0x1,0x1,132,0,0,2024042417384373273,0,180,20,2,100,0.000000,0.000000,0.000000,374,74,0,0,0x8b781066
1,31,23040015,2024042417384383284,1,1,9,101,1,1.5,0x1,0x1,132,0,0,2024042417384383284,0,180,20,2,100,0.000000,0.000000,0.000000,375,75,0,0,0x203bc0fb
1,31,23040015,2024042417384393294,1,1,9,101,1,1.5,0x1,0x1,132,0,0,2024042417384393294,0,180,20,2,100,0.000000,0.000000,0.000000,376,76,0,0,0x84ccffdd
1,31,23040015,2024042417384403322,1,1,9,101,1,1.5,0x1,0x1,132,0,0,2024042417384403322,0,180,20,2,100,0.000000,0.000000,0.000000,377,77,0,0,0xa6ef3cf2
1,31,23040015,2024042417384413352,1,1,9,101,1,1.5,0x1,0x1,132,0,0,2024042417384413352,0,180,20,2,100,0.000000,0.000000,0.000000,378,78,0,0,0xeceb4f55
1,31,23040015,2024042417384423364,1,1,9,101,1,1.5,0x1,0x1,132,0,0,2024042417384423364,0,180,20,2,100,0.000000,0.000000,0.000000,379,79,0,0,0x5b8e9be2
1,31,23040015,2024042417384433374,1,1,9,101,1,1.5,0x1,0x1,132,0,0,2024042417384433374,0,180,20,2,100,0.000000,0.000000,0.000000,380,80,0,0,0x871fc4e4
1,31,23040015,2024042417384443384,1,1,9,101,1,1.5,0x1,0x1,132,0,0,2024042417384443384,0,180,20,2,100,0.000000,0.000000,0.000000,381,81,0,0,0x8916cb0
1,31,23040015,2024042417384453397,1,1,9,101,1,1.5,0x1,0x1,132,0,0,2024042417384453397,0,180,20,2,100,0.000000,0.000000,0.000000,382,82,0,0,0x52d9fe5c
1,31,23040015,2024042417384463407,1,1,9,101,1,1.5,0x1,0x1,132,0,0,2024042417384463407,0,180,20,2,100,0.000000,0.000000,0.000000,383,83,0,0,0x2d54c7bc
1,31,23040015,2024042417384473417,1,1,9,101,1,1.5,0x1,0x1,132,0,0,2024042417384473417,0,180,20,2,100,0.000000,0.000000,0.000000,384,84,0,0,0x879abe5e
1,31,23040015,2024042417384483427,1,1,9,101,1,1.5,0x1,0x1,132,0,0,2024042417384483427,0,180,20,2,100,0.000000,0.000000,0.000000,385,85,0,0,0x91a4d1ea
1,31,23040015,2024042417384493438,1,1,9,101,1,1.5,0x1,0x1,132,0,0,2024042417384493438,0,180,20,2,100,0.000000,0.000000,0.000000,386,86,0,0,0x609d34f6
1,31,23040015,2024042417384503448,1,1,9,101,1,1.5,0x1,0x1,132,0,0,2024042417384503448,0,180,20,2,100,0.000000,0.000000,0.000000,387,87,0,0,0xe7154b3c
1,31,23040015,2024042417384513459,1,1,9,101,1,1.5,0x1,0x1,132,0,0,2024042417384513459,0,180,20,2,100,0.000000,0.000000,0.000000,388,88,0,0,0x949e0da5
1,31,23040015,2024042417384523469,1,1,9,101,1,1.5,0x1,0x1,132,0,0,2024042417384523469,0,180,20,2,100,0.000000,0.000000,0.000000,389,89,0,0,0xdf2fde56
1,31,23040015,2024042417384533479,1,1,9,101,1,1.5,0x1,0x1,132,0,0,2024042417384533479,0,180,20,2,100,0.000000,0.000000,0.000000,390,90,0,0,0x8dd41f3
1,31,23040015,2024042417384543490,1,1,9,101,1,1.5,0x1,0x1,132,0,0,2024042417384543490,0,180,20,2,100,0.000000,0.000000,0.000000,391,91,0,0,0xdd278e81
